Building OddOrderChallenge
⚠ [1789/1790] Built OddOrderChallenge (4.1s)
warning: OddOrderChallenge.lean:13:8: declaration uses `sorry`
warning: OddOrderChallenge.lean:18:8: declaration uses `sorry`
warning: OddOrderChallenge.lean:23:8: declaration uses `sorry`
warning: OddOrderChallenge.lean:30:8: declaration uses `sorry`
Build completed successfully (1790 jobs).
Exporting #[Quot, Quot.mk, Quot.lift, Quot.ind, PaperVerification.oddOrderCore, PaperVerification.oddOrderMinimal, PaperVerification.oddOrderNilpotent, PaperVerification.oddOrderMixedNilpotent, propext, Classical.choice, Quot.sound, Nat.add, Nat.sub, Nat.mul, Nat.pow, Nat.gcd, Nat.div, Nat.mod, Nat.beq, Nat.ble, Nat.land, Nat.lor, Nat.xor, Nat.shiftLeft, Nat.shiftRight, String.ofList, Char.ofNat, List, eagerReduce, Nat, String, String.mk, Char, optParam, autoParam, semiOutParam, outParam] from OddOrderChallenge
Building OddOrderSolution
⚠ [2401/2541] Replayed OddOrder.Mathlib.SchurZassenhausConj
warning: OddOrder/Mathlib/SchurZassenhausConj.lean:997:67: `if_pos` has been deprecated: Use `ite_eq_left` instead
⚠ [2405/2541] Replayed OddOrder.Isaacs.Ch01_Sylow.Basic
warning: OddOrder/Isaacs/Ch01_Sylow/Basic.lean:1317:37: `if_neg` has been deprecated: Use `ite_eq_right` instead
⚠ [2406/2541] Replayed OddOrder.Isaacs.Ch01_Sylow.Theorem131
warning: OddOrder/Isaacs/Ch01_Sylow/Theorem131.lean:49:6: `if_neg` has been deprecated: Use `ite_eq_right` instead
warning: OddOrder/Isaacs/Ch01_Sylow/Theorem131.lean:49:18: `if_pos` has been deprecated: Use `ite_eq_left` instead
warning: OddOrder/Isaacs/Ch01_Sylow/Theorem131.lean:63:6: `if_pos` has been deprecated: Use `ite_eq_left` instead
warning: OddOrder/Isaacs/Ch01_Sylow/Theorem131.lean:63:18: `if_neg` has been deprecated: Use `ite_eq_right` instead
warning: OddOrder/Isaacs/Ch01_Sylow/Theorem131.lean:576:13: `if_neg` has been deprecated: Use `ite_eq_right` instead
warning: OddOrder/Isaacs/Ch01_Sylow/Theorem131.lean:590:35: `if_neg` has been deprecated: Use `ite_eq_right` instead
⚠ [2407/2541] Replayed OddOrder.Isaacs.Ch01_Sylow.Main
warning: OddOrder/Isaacs/Ch01_Sylow/Main.lean:534:37: `if_neg` has been deprecated: Use `ite_eq_right` instead
warning: OddOrder/Isaacs/Ch01_Sylow/Main.lean:545:15: `if_neg` has been deprecated: Use `ite_eq_right` instead
⚠ [2421/2541] Replayed OddOrder.Isaacs.Ch03_SplitExtensions.WreathProduct
warning: OddOrder/Isaacs/Ch03_SplitExtensions/WreathProduct.lean:245:8: `if_neg` has been deprecated: Use `ite_eq_right` instead
warning: OddOrder/Isaacs/Ch03_SplitExtensions/WreathProduct.lean:245:22: `if_pos` has been deprecated: Use `ite_eq_left` instead
warning: OddOrder/Isaacs/Ch03_SplitExtensions/WreathProduct.lean:295:10: `if_neg` has been deprecated: Use `ite_eq_right` instead
⚠ [2422/2541] Replayed OddOrder.Isaacs.Ch03_SplitExtensions.PiSeparableSeries
warning: OddOrder/Isaacs/Ch03_SplitExtensions/PiSeparableSeries.lean:120:24: `if_pos` has been deprecated: Use `ite_eq_left` instead
warning: OddOrder/Isaacs/Ch03_SplitExtensions/PiSeparableSeries.lean:121:47: `if_false` has been deprecated: Use `ite_false` instead
warning: OddOrder/Isaacs/Ch03_SplitExtensions/PiSeparableSeries.lean:130:21: `if_pos` has been deprecated: Use `ite_eq_left` instead
warning: OddOrder/Isaacs/Ch03_SplitExtensions/PiSeparableSeries.lean:130:33: `if_neg` has been deprecated: Use `ite_eq_right` instead
warning: OddOrder/Isaacs/Ch03_SplitExtensions/PiSeparableSeries.lean:134:21: `if_neg` has been deprecated: Use `ite_eq_right` instead
warning: OddOrder/Isaacs/Ch03_SplitExtensions/PiSeparableSeries.lean:134:56: `if_neg` has been deprecated: Use `ite_eq_right` instead
warning: OddOrder/Isaacs/Ch03_SplitExtensions/PiSeparableSeries.lean:165:18: `if_pos` has been deprecated: Use `ite_eq_left` instead
warning: OddOrder/Isaacs/Ch03_SplitExtensions/PiSeparableSeries.lean:166:17: `if_neg` has been deprecated: Use `ite_eq_right` instead
warning: OddOrder/Isaacs/Ch03_SplitExtensions/PiSeparableSeries.lean:173:17: `if_pos` has been deprecated: Use `ite_eq_left` instead
warning: OddOrder/Isaacs/Ch03_SplitExtensions/PiSeparableSeries.lean:173:27: `if_neg` has been deprecated: Use `ite_eq_right` instead
warning: OddOrder/Isaacs/Ch03_SplitExtensions/PiSeparableSeries.lean:182:17: `if_neg` has been deprecated: Use `ite_eq_right` instead
warning: OddOrder/Isaacs/Ch03_SplitExtensions/PiSeparableSeries.lean:182:27: `if_pos` has been deprecated: Use `ite_eq_left` instead
warning: OddOrder/Isaacs/Ch03_SplitExtensions/PiSeparableSeries.lean:190:15: `if_pos` has been deprecated: Use `ite_eq_left` instead
warning: OddOrder/Isaacs/Ch03_SplitExtensions/PiSeparableSeries.lean:203:17: `if_pos` has been deprecated: Use `ite_eq_left` instead
warning: OddOrder/Isaacs/Ch03_SplitExtensions/PiSeparableSeries.lean:203:27: `if_neg` has been deprecated: Use `ite_eq_right` instead
warning: OddOrder/Isaacs/Ch03_SplitExtensions/PiSeparableSeries.lean:214:17: `if_neg` has been deprecated: Use `ite_eq_right` instead
warning: OddOrder/Isaacs/Ch03_SplitExtensions/PiSeparableSeries.lean:214:27: `if_pos` has been deprecated: Use `ite_eq_left` instead
⚠ [3554/3848] Replayed OddOrder.GroupTheory.RepresentationTheory.ClassSumCore
warning: OddOrder/GroupTheory/RepresentationTheory/ClassSumCore.lean:79:21: `if_true` has been deprecated: Use `ite_true` instead
warning: OddOrder/GroupTheory/RepresentationTheory/ClassSumCore.lean:104:10: `if_pos` has been deprecated: Use `ite_eq_left` instead
warning: OddOrder/GroupTheory/RepresentationTheory/ClassSumCore.lean:104:21: `if_pos` has been deprecated: Use `ite_eq_left` instead
warning: OddOrder/GroupTheory/RepresentationTheory/ClassSumCore.lean:105:10: `if_neg` has been deprecated: Use `ite_eq_right` instead
warning: OddOrder/GroupTheory/RepresentationTheory/ClassSumCore.lean:105:21: `if_neg` has been deprecated: Use `ite_eq_right` instead
warning: OddOrder/GroupTheory/RepresentationTheory/ClassSumCore.lean:125:14: `if_pos` has been deprecated: Use `ite_eq_left` instead
warning: OddOrder/GroupTheory/RepresentationTheory/ClassSumCore.lean:125:24: `if_pos` has been deprecated: Use `ite_eq_left` instead
warning: OddOrder/GroupTheory/RepresentationTheory/ClassSumCore.lean:126:14: `if_neg` has been deprecated: Use `ite_eq_right` instead
warning: OddOrder/GroupTheory/RepresentationTheory/ClassSumCore.lean:126:24: `if_neg` has been deprecated: Use `ite_eq_right` instead
warning: OddOrder/GroupTheory/RepresentationTheory/ClassSumCore.lean:193:21: `if_true` has been deprecated: Use `ite_true` instead
⚠ [3555/3848] Replayed OddOrder.GroupTheory.RepresentationTheory.ClassSumSections
warning: OddOrder/GroupTheory/RepresentationTheory/ClassSumSections.lean:176:10: `if_pos` has been deprecated: Use `ite_eq_left` instead
warning: OddOrder/GroupTheory/RepresentationTheory/ClassSumSections.lean:176:22: `if_pos` has been deprecated: Use `ite_eq_left` instead
warning: OddOrder/GroupTheory/RepresentationTheory/ClassSumSections.lean:177:10: `if_neg` has been deprecated: Use `ite_eq_right` instead
warning: OddOrder/GroupTheory/RepresentationTheory/ClassSumSections.lean:177:22: `if_neg` has been deprecated: Use `ite_eq_right` instead
warning: OddOrder/GroupTheory/RepresentationTheory/ClassSumSections.lean:181:6: `if_pos` has been deprecated: Use `ite_eq_left` instead
⚠ [3556/3848] Replayed OddOrder.GroupTheory.RepresentationTheory.ClassSumCongruence
warning: OddOrder/GroupTheory/RepresentationTheory/ClassSumCongruence.lean:342:18: `if_true` has been deprecated: Use `ite_true` instead
warning: OddOrder/GroupTheory/RepresentationTheory/ClassSumCongruence.lean:354:18: `if_true` has been deprecated: Use `ite_true` instead
⚠ [3557/3848] Replayed OddOrder.GroupTheory.RepresentationTheory.ClassSumAlgebra
warning: OddOrder/GroupTheory/RepresentationTheory/ClassSumAlgebra.lean:257:6: `if_pos` has been deprecated: Use `ite_eq_left` instead
⚠ [3572/3848] Replayed OddOrder.GroupTheory.RepresentationTheory.SecondOrthogonality
warning: OddOrder/GroupTheory/RepresentationTheory/SecondOrthogonality.lean:637:32: `if_true` has been deprecated: Use `ite_true` instead
warning: OddOrder/GroupTheory/RepresentationTheory/SecondOrthogonality.lean:638:8: `if_neg` has been deprecated: Use `ite_eq_right` instead
warning: OddOrder/GroupTheory/RepresentationTheory/SecondOrthogonality.lean:835:6: `if_neg` has been deprecated: Use `ite_eq_right` instead
warning: OddOrder/GroupTheory/RepresentationTheory/SecondOrthogonality.lean:863:6: `if_pos` has been deprecated: Use `ite_eq_left` instead
warning: OddOrder/GroupTheory/RepresentationTheory/SecondOrthogonality.lean:1163:8: `if_pos` has been deprecated: Use `ite_eq_left` instead
warning: OddOrder/GroupTheory/RepresentationTheory/SecondOrthogonality.lean:1192:8: `if_neg` has been deprecated: Use `ite_eq_right` instead
⚠ [3573/3848] Replayed OddOrder.GroupTheory.RepresentationTheory.CharacterRowOrthogonality
warning: OddOrder/GroupTheory/RepresentationTheory/CharacterRowOrthogonality.lean:55:8: `if_pos` has been deprecated: Use `ite_eq_left` instead
warning: OddOrder/GroupTheory/RepresentationTheory/CharacterRowOrthogonality.lean:63:6: `if_pos` has been deprecated: Use `ite_eq_left` instead
warning: OddOrder/GroupTheory/RepresentationTheory/CharacterRowOrthogonality.lean:69:8: `if_neg` has been deprecated: Use `ite_eq_right` instead
warning: OddOrder/GroupTheory/RepresentationTheory/CharacterRowOrthogonality.lean:77:8: `if_neg` has been deprecated: Use `ite_eq_right` instead
warning: OddOrder/GroupTheory/RepresentationTheory/CharacterRowOrthogonality.lean:91:71: `if_pos` has been deprecated: Use `ite_eq_left` instead
warning: OddOrder/GroupTheory/RepresentationTheory/CharacterRowOrthogonality.lean:92:71: `if_neg` has been deprecated: Use `ite_eq_right` instead
⚠ [3574/3848] Replayed OddOrder.GroupTheory.RepresentationTheory.CharacterCount
warning: OddOrder/GroupTheory/RepresentationTheory/CharacterCount.lean:94:8: `if_neg` has been deprecated: Use `ite_eq_right` instead
warning: OddOrder/GroupTheory/RepresentationTheory/CharacterCount.lean:95:60: `if_true` has been deprecated: Use `ite_true` instead
⚠ [3575/3848] Replayed OddOrder.GroupTheory.RepresentationTheory.CharacterCompleteness
warning: OddOrder/GroupTheory/RepresentationTheory/CharacterCompleteness.lean:732:67: `if_pos` has been deprecated: Use `ite_eq_left` instead
warning: OddOrder/GroupTheory/RepresentationTheory/CharacterCompleteness.lean:735:67: `if_neg` has been deprecated: Use `ite_eq_right` instead
⚠ [3576/3848] Replayed OddOrder.GroupTheory.RepresentationTheory.RowOrthogonality
warning: OddOrder/GroupTheory/RepresentationTheory/RowOrthogonality.lean:58:43: `if_pos` has been deprecated: Use `ite_eq_left` instead
warning: OddOrder/GroupTheory/RepresentationTheory/RowOrthogonality.lean:78:43: `if_neg` has been deprecated: Use `ite_eq_right` instead
⚠ [3579/3848] Replayed OddOrder.GroupTheory.RepresentationTheory.ZIrrFourier
warning: OddOrder/GroupTheory/RepresentationTheory/ZIrrFourier.lean:46:8: `if_pos` has been deprecated: Use `ite_eq_left` instead
warning: OddOrder/GroupTheory/RepresentationTheory/ZIrrFourier.lean:48:8: `if_neg` has been deprecated: Use `ite_eq_right` instead
warning: OddOrder/GroupTheory/RepresentationTheory/ZIrrFourier.lean:61:33: `if_pos` has been deprecated: Use `ite_eq_left` instead
warning: OddOrder/GroupTheory/RepresentationTheory/ZIrrFourier.lean:62:33: `if_neg` has been deprecated: Use `ite_eq_right` instead
warning: OddOrder/GroupTheory/RepresentationTheory/ZIrrFourier.lean:100:8: `if_pos` has been deprecated: Use `ite_eq_left` instead
warning: OddOrder/GroupTheory/RepresentationTheory/ZIrrFourier.lean:100:18: `if_pos` has been deprecated: Use `ite_eq_left` instead
warning: OddOrder/GroupTheory/RepresentationTheory/ZIrrFourier.lean:101:8: `if_neg` has been deprecated: Use `ite_eq_right` instead
warning: OddOrder/GroupTheory/RepresentationTheory/ZIrrFourier.lean:101:18: `if_neg` has been deprecated: Use `ite_eq_right` instead
warning: OddOrder/GroupTheory/RepresentationTheory/ZIrrFourier.lean:131:8: `if_pos` has been deprecated: Use `ite_eq_left` instead
warning: OddOrder/GroupTheory/RepresentationTheory/ZIrrFourier.lean:132:8: `if_neg` has been deprecated: Use `ite_eq_right` instead
warning: OddOrder/GroupTheory/RepresentationTheory/ZIrrFourier.lean:411:57: `if_pos` has been deprecated: Use `ite_eq_left` instead
warning: OddOrder/GroupTheory/RepresentationTheory/ZIrrFourier.lean:454:27: `if_pos` has been deprecated: Use `ite_eq_left` instead
warning: OddOrder/GroupTheory/RepresentationTheory/ZIrrFourier.lean:455:43: `if_neg` has been deprecated: Use `ite_eq_right` instead
warning: OddOrder/GroupTheory/RepresentationTheory/ZIrrFourier.lean:473:33: `if_neg` has been deprecated: Use `ite_eq_right` instead
warning: OddOrder/GroupTheory/RepresentationTheory/ZIrrFourier.lean:512:76: `if_pos` has been deprecated: Use `ite_eq_left` instead
warning: OddOrder/GroupTheory/RepresentationTheory/ZIrrFourier.lean:517:8: `if_neg` has been deprecated: Use `ite_eq_right` instead
warning: OddOrder/GroupTheory/RepresentationTheory/ZIrrFourier.lean:560:58: `if_pos` has been deprecated: Use `ite_eq_left` instead
warning: OddOrder/GroupTheory/RepresentationTheory/ZIrrFourier.lean:562:58: `if_neg` has been deprecated: Use `ite_eq_right` instead
warning: OddOrder/GroupTheory/RepresentationTheory/ZIrrFourier.lean:663:52: `if_pos` has been deprecated: Use `ite_eq_left` instead
warning: OddOrder/GroupTheory/RepresentationTheory/ZIrrFourier.lean:665:52: `if_neg` has been deprecated: Use `ite_eq_right` instead
warning: OddOrder/GroupTheory/RepresentationTheory/ZIrrFourier.lean:677:39: `if_pos` has been deprecated: Use `ite_eq_left` instead
warning: OddOrder/GroupTheory/RepresentationTheory/ZIrrFourier.lean:679:39: `if_neg` has been deprecated: Use `ite_eq_right` instead
⚠ [3581/3848] Replayed OddOrder.GroupTheory.RepresentationTheory.ClassSumCoefficientFormula
warning: OddOrder/GroupTheory/RepresentationTheory/ClassSumCoefficientFormula.lean:192:27: `if_pos` has been deprecated: Use `ite_eq_left` instead
warning: OddOrder/GroupTheory/RepresentationTheory/ClassSumCoefficientFormula.lean:194:26: `if_neg` has been deprecated: Use `ite_eq_right` instead
⚠ [3582/3848] Replayed OddOrder.GroupTheory.RepresentationTheory.InducedCharacter
warning: OddOrder/GroupTheory/RepresentationTheory/InducedCharacter.lean:134:8: `dif_pos` has been deprecated: Use `dite_eq_left` instead
warning: OddOrder/GroupTheory/RepresentationTheory/InducedCharacter.lean:134:20: `dif_pos` has been deprecated: Use `dite_eq_left` instead
warning: OddOrder/GroupTheory/RepresentationTheory/InducedCharacter.lean:141:8: `dif_neg` has been deprecated: Use `dite_eq_right` instead
warning: OddOrder/GroupTheory/RepresentationTheory/InducedCharacter.lean:141:20: `dif_neg` has been deprecated: Use `dite_eq_right` instead
warning: OddOrder/GroupTheory/RepresentationTheory/InducedCharacter.lean:188:8: `dif_pos` has been deprecated: Use `dite_eq_left` instead
warning: OddOrder/GroupTheory/RepresentationTheory/InducedCharacter.lean:191:8: `dif_neg` has been deprecated: Use `dite_eq_right` instead
warning: OddOrder/GroupTheory/RepresentationTheory/InducedCharacter.lean:506:8: `dif_pos` has been deprecated: Use `dite_eq_left` instead
warning: OddOrder/GroupTheory/RepresentationTheory/InducedCharacter.lean:506:20: `dif_pos` has been deprecated: Use `dite_eq_left` instead
warning: OddOrder/GroupTheory/RepresentationTheory/InducedCharacter.lean:512:8: `dif_neg` has been deprecated: Use `dite_eq_right` instead
warning: OddOrder/GroupTheory/RepresentationTheory/InducedCharacter.lean:512:20: `dif_neg` has been deprecated: Use `dite_eq_right` instead
warning: OddOrder/GroupTheory/RepresentationTheory/InducedCharacter.lean:846:42: `if_pos` has been deprecated: Use `ite_eq_left` instead
warning: OddOrder/GroupTheory/RepresentationTheory/InducedCharacter.lean:866:86: `if_neg` has been deprecated: Use `ite_eq_right` instead
warning: OddOrder/GroupTheory/RepresentationTheory/InducedCharacter.lean:1040:24: `dif_pos` has been deprecated: Use `dite_eq_left` instead
warning: OddOrder/GroupTheory/RepresentationTheory/InducedCharacter.lean:1099:82: `if_pos` has been deprecated: Use `ite_eq_left` instead
warning: OddOrder/GroupTheory/RepresentationTheory/InducedCharacter.lean:1102:82: `if_neg` has been deprecated: Use `ite_eq_right` instead
⚠ [3584/3848] Replayed OddOrder.GroupTheory.RepresentationTheory.Clifford
warning: OddOrder/GroupTheory/RepresentationTheory/Clifford.lean:521:8: `dif_pos` has been deprecated: Use `dite_eq_left` instead
warning: OddOrder/GroupTheory/RepresentationTheory/Clifford.lean:521:20: `dif_pos` has been deprecated: Use `dite_eq_left` instead
warning: OddOrder/GroupTheory/RepresentationTheory/Clifford.lean:531:8: `dif_neg` has been deprecated: Use `dite_eq_right` instead
warning: OddOrder/GroupTheory/RepresentationTheory/Clifford.lean:531:20: `dif_neg` has been deprecated: Use `dite_eq_right` instead
⚠ [3620/3848] Replayed OddOrder.GroupTheory.RepresentationTheory.InducedIrreducible
warning: OddOrder/GroupTheory/RepresentationTheory/InducedIrreducible.lean:227:76: `if_neg` has been deprecated: Use `ite_eq_right` instead
warning: OddOrder/GroupTheory/RepresentationTheory/InducedIrreducible.lean:295:50: `if_pos` has been deprecated: Use `ite_eq_left` instead
warning: OddOrder/GroupTheory/RepresentationTheory/InducedIrreducible.lean:411:39: `if_neg` has been deprecated: Use `ite_eq_right` instead
warning: OddOrder/GroupTheory/RepresentationTheory/InducedIrreducible.lean:918:43: `if_neg` has been deprecated: Use `ite_eq_right` instead
warning: OddOrder/GroupTheory/RepresentationTheory/InducedIrreducible.lean:922:48: `if_pos` has been deprecated: Use `ite_eq_left` instead
warning: OddOrder/GroupTheory/RepresentationTheory/InducedIrreducible.lean:936:7: `if_neg` has been deprecated: Use `ite_eq_right` instead
warning: OddOrder/GroupTheory/RepresentationTheory/InducedIrreducible.lean:1034:55: `if_neg` has been deprecated: Use `ite_eq_right` instead
warning: OddOrder/GroupTheory/RepresentationTheory/InducedIrreducible.lean:1036:39: `if_pos` has been deprecated: Use `ite_eq_left` instead
⚠ [3621/3848] Replayed OddOrder.GroupTheory.RepresentationTheory.IsometryDifferencePair
warning: OddOrder/GroupTheory/RepresentationTheory/IsometryDifferencePair.lean:70:8: `if_neg` has been deprecated: Use `ite_eq_right` instead
warning: OddOrder/GroupTheory/RepresentationTheory/IsometryDifferencePair.lean:529:8: `if_neg` has been deprecated: Use `ite_eq_right` instead
warning: OddOrder/GroupTheory/RepresentationTheory/IsometryDifferencePair.lean:683:10: `if_pos` has been deprecated: Use `ite_eq_left` instead
warning: OddOrder/GroupTheory/RepresentationTheory/IsometryDifferencePair.lean:683:22: `if_neg` has been deprecated: Use `ite_eq_right` instead
warning: OddOrder/GroupTheory/RepresentationTheory/IsometryDifferencePair.lean:683:34: `if_neg` has been deprecated: Use `ite_eq_right` instead
warning: OddOrder/GroupTheory/RepresentationTheory/IsometryDifferencePair.lean:683:46: `if_pos` has been deprecated: Use `ite_eq_left` instead
warning: OddOrder/GroupTheory/RepresentationTheory/IsometryDifferencePair.lean:691:10: `if_neg` has been deprecated: Use `ite_eq_right` instead
warning: OddOrder/GroupTheory/RepresentationTheory/IsometryDifferencePair.lean:691:22: `if_neg` has been deprecated: Use `ite_eq_right` instead
warning: OddOrder/GroupTheory/RepresentationTheory/IsometryDifferencePair.lean:694:14: `if_pos` has been deprecated: Use `ite_eq_left` instead
warning: OddOrder/GroupTheory/RepresentationTheory/IsometryDifferencePair.lean:694:26: `if_pos` has been deprecated: Use `ite_eq_left` instead
warning: OddOrder/GroupTheory/RepresentationTheory/IsometryDifferencePair.lean:695:14: `if_pos` has been deprecated: Use `ite_eq_left` instead
warning: OddOrder/GroupTheory/RepresentationTheory/IsometryDifferencePair.lean:695:26: `if_neg` has been deprecated: Use `ite_eq_right` instead
warning: OddOrder/GroupTheory/RepresentationTheory/IsometryDifferencePair.lean:697:14: `if_neg` has been deprecated: Use `ite_eq_right` instead
warning: OddOrder/GroupTheory/RepresentationTheory/IsometryDifferencePair.lean:697:26: `if_pos` has been deprecated: Use `ite_eq_left` instead
warning: OddOrder/GroupTheory/RepresentationTheory/IsometryDifferencePair.lean:698:14: `if_neg` has been deprecated: Use `ite_eq_right` instead
warning: OddOrder/GroupTheory/RepresentationTheory/IsometryDifferencePair.lean:698:26: `if_neg` has been deprecated: Use `ite_eq_right` instead
warning: OddOrder/GroupTheory/RepresentationTheory/IsometryDifferencePair.lean:768:76: `dif_neg` has been deprecated: Use `dite_eq_right` instead
warning: OddOrder/GroupTheory/RepresentationTheory/IsometryDifferencePair.lean:770:16: `dif_neg` has been deprecated: Use `dite_eq_right` instead
warning: OddOrder/GroupTheory/RepresentationTheory/IsometryDifferencePair.lean:1000:8: `if_pos` has been deprecated: Use `ite_eq_left` instead
warning: OddOrder/GroupTheory/RepresentationTheory/IsometryDifferencePair.lean:1001:6: `if_neg` has been deprecated: Use `ite_eq_right` instead
warning: OddOrder/GroupTheory/RepresentationTheory/IsometryDifferencePair.lean:1003:6: `if_neg` has been deprecated: Use `ite_eq_right` instead
warning: OddOrder/GroupTheory/RepresentationTheory/IsometryDifferencePair.lean:1006:10: `if_pos` has been deprecated: Use `ite_eq_left` instead
warning: OddOrder/GroupTheory/RepresentationTheory/IsometryDifferencePair.lean:1007:10: `if_neg` has been deprecated: Use `ite_eq_right` instead
warning: OddOrder/GroupTheory/RepresentationTheory/IsometryDifferencePair.lean:1014:10: `if_pos` has been deprecated: Use `ite_eq_left` instead
warning: OddOrder/GroupTheory/RepresentationTheory/IsometryDifferencePair.lean:1014:21: `if_neg` has been deprecated: Use `ite_eq_right` instead
warning: OddOrder/GroupTheory/RepresentationTheory/IsometryDifferencePair.lean:1015:8: `if_neg` has been deprecated: Use `ite_eq_right` instead
warning: OddOrder/GroupTheory/RepresentationTheory/IsometryDifferencePair.lean:1018:12: `if_pos` has been deprecated: Use `ite_eq_left` instead
warning: OddOrder/GroupTheory/RepresentationTheory/IsometryDifferencePair.lean:1019:12: `if_neg` has been deprecated: Use `ite_eq_right` instead
warning: OddOrder/GroupTheory/RepresentationTheory/IsometryDifferencePair.lean:1026:10: `if_pos` has been deprecated: Use `ite_eq_left` instead
warning: OddOrder/GroupTheory/RepresentationTheory/IsometryDifferencePair.lean:1026:21: `if_neg` has been deprecated: Use `ite_eq_right` instead
warning: OddOrder/GroupTheory/RepresentationTheory/IsometryDifferencePair.lean:1027:8: `if_neg` has been deprecated: Use `ite_eq_right` instead
warning: OddOrder/GroupTheory/RepresentationTheory/IsometryDifferencePair.lean:1030:12: `if_pos` has been deprecated: Use `ite_eq_left` instead
warning: OddOrder/GroupTheory/RepresentationTheory/IsometryDifferencePair.lean:1031:12: `if_neg` has been deprecated: Use `ite_eq_right` instead
warning: OddOrder/GroupTheory/RepresentationTheory/IsometryDifferencePair.lean:1039:6: `if_pos` has been deprecated: Use `ite_eq_left` instead
warning: OddOrder/GroupTheory/RepresentationTheory/IsometryDifferencePair.lean:1039:17: `if_neg` has been deprecated: Use `ite_eq_right` instead
warning: OddOrder/GroupTheory/RepresentationTheory/IsometryDifferencePair.lean:1039:33: `if_neg` has been deprecated: Use `ite_eq_right` instead
warning: OddOrder/GroupTheory/RepresentationTheory/IsometryDifferencePair.lean:1039:49: `if_neg` has been deprecated: Use `ite_eq_right` instead
warning: OddOrder/GroupTheory/RepresentationTheory/IsometryDifferencePair.lean:1087:45: `if_pos` has been deprecated: Use `ite_eq_left` instead
warning: OddOrder/GroupTheory/RepresentationTheory/IsometryDifferencePair.lean:1092:61: `if_pos` has been deprecated: Use `ite_eq_left` instead
warning: OddOrder/GroupTheory/RepresentationTheory/IsometryDifferencePair.lean:1094:6: `if_neg` has been deprecated: Use `ite_eq_right` instead
warning: OddOrder/GroupTheory/RepresentationTheory/IsometryDifferencePair.lean:1096:6: `if_neg` has been deprecated: Use `ite_eq_right` instead
warning: OddOrder/GroupTheory/RepresentationTheory/IsometryDifferencePair.lean:1097:53: `if_pos` has been deprecated: Use `ite_eq_left` instead
warning: OddOrder/GroupTheory/RepresentationTheory/IsometryDifferencePair.lean:1098:54: `if_neg` has been deprecated: Use `ite_eq_right` instead
warning: OddOrder/GroupTheory/RepresentationTheory/IsometryDifferencePair.lean:1100:6: `if_neg` has been deprecated: Use `ite_eq_right` instead
warning: OddOrder/GroupTheory/RepresentationTheory/IsometryDifferencePair.lean:1101:55: `if_pos` has been deprecated: Use `ite_eq_left` instead
warning: OddOrder/GroupTheory/RepresentationTheory/IsometryDifferencePair.lean:1105:10: `if_pos` has been deprecated: Use `ite_eq_left` instead
warning: OddOrder/GroupTheory/RepresentationTheory/IsometryDifferencePair.lean:1105:22: `if_pos` has been deprecated: Use `ite_eq_left` instead
warning: OddOrder/GroupTheory/RepresentationTheory/IsometryDifferencePair.lean:1107:10: `if_neg` has been deprecated: Use `ite_eq_right` instead
warning: OddOrder/GroupTheory/RepresentationTheory/IsometryDifferencePair.lean:1107:22: `if_neg` has been deprecated: Use `ite_eq_right` instead
⚠ [3624/3848] Replayed OddOrder.Peterfalvi.S03_PreliminaryCharacter
warning: OddOrder/Peterfalvi/S03_PreliminaryCharacter.lean:904:8: `dif_pos` has been deprecated: Use `dite_eq_left` instead
⚠ [3625/3848] Replayed OddOrder.GroupTheory.RepresentationTheory.SchurCenterBound
warning: OddOrder/GroupTheory/RepresentationTheory/SchurCenterBound.lean:131:6: `if_pos` has been deprecated: Use `ite_eq_left` instead
⚠ [3628/3848] Replayed OddOrder.GroupTheory.ChiefFactor
warning: OddOrder/GroupTheory/ChiefFactor.lean:281:8: `dif_pos` has been deprecated: Use `dite_eq_left` instead
warning: OddOrder/GroupTheory/ChiefFactor.lean:283:8: `dif_neg` has been deprecated: Use `dite_eq_right` instead
warning: OddOrder/GroupTheory/ChiefFactor.lean:294:8: `dif_pos` has been deprecated: Use `dite_eq_left` instead
warning: OddOrder/GroupTheory/ChiefFactor.lean:296:8: `dif_neg` has been deprecated: Use `dite_eq_right` instead
warning: OddOrder/GroupTheory/ChiefFactor.lean:305:6: `dif_pos` has been deprecated: Use `dite_eq_left` instead
warning: OddOrder/GroupTheory/ChiefFactor.lean:324:10: `dif_pos` has been deprecated: Use `dite_eq_left` instead
⚠ [3632/3848] Replayed OddOrder.Peterfalvi.S04_DadeIsometryBasic
warning: OddOrder/Peterfalvi/S04_DadeIsometryBasic.lean:742:8: `if_pos` has been deprecated: Use `ite_eq_left` instead
warning: OddOrder/Peterfalvi/S04_DadeIsometryBasic.lean:762:8: `if_neg` has been deprecated: Use `ite_eq_right` instead
info: OddOrder/Peterfalvi/S04_DadeIsometryBasic.lean:1282:36: Try this:
  [apply] ring_nf
  
  The `ring` tactic failed to close the goal. Use `ring_nf` to obtain a normal form.
    
  Note that `ring` works primarily in *commutative* rings. If you have a noncommutative ring, abelian group or module, consider using `noncomm_ring`, `abel` or `module` instead.
info: OddOrder/Peterfalvi/S04_DadeIsometryBasic.lean:1292:36: Try this:
  [apply] ring_nf
  
  The `ring` tactic failed to close the goal. Use `ring_nf` to obtain a normal form.
    
  Note that `ring` works primarily in *commutative* rings. If you have a noncommutative ring, abelian group or module, consider using `noncomm_ring`, `abel` or `module` instead.
⚠ [3633/3848] Replayed OddOrder.Peterfalvi.S04_InduceConjFinset
warning: OddOrder/Peterfalvi/S04_InduceConjFinset.lean:427:21: `dif_pos` has been deprecated: Use `dite_eq_left` instead
warning: OddOrder/Peterfalvi/S04_InduceConjFinset.lean:1165:21: `dif_pos` has been deprecated: Use `dite_eq_left` instead
warning: OddOrder/Peterfalvi/S04_InduceConjFinset.lean:1284:37: `if_pos` has been deprecated: Use `ite_eq_left` instead
warning: OddOrder/Peterfalvi/S04_InduceConjFinset.lean:1291:37: `if_neg` has been deprecated: Use `ite_eq_right` instead
⚠ [3634/3848] Replayed OddOrder.Peterfalvi.S04_DadeIsometry.MobiusAssembly
warning: OddOrder/Peterfalvi/S04_DadeIsometry/MobiusAssembly.lean:222:30: `dif_neg` has been deprecated: Use `dite_eq_right` instead
warning: OddOrder/Peterfalvi/S04_DadeIsometry/MobiusAssembly.lean:222:43: `dif_neg` has been deprecated: Use `dite_eq_right` instead
warning: OddOrder/Peterfalvi/S04_DadeIsometry/MobiusAssembly.lean:360:20: `dif_pos` has been deprecated: Use `dite_eq_left` instead
warning: OddOrder/Peterfalvi/S04_DadeIsometry/MobiusAssembly.lean:365:20: `dif_neg` has been deprecated: Use `dite_eq_right` instead
warning: OddOrder/Peterfalvi/S04_DadeIsometry/MobiusAssembly.lean:380:36: `dif_neg` has been deprecated: Use `dite_eq_right` instead
warning: OddOrder/Peterfalvi/S04_DadeIsometry/MobiusAssembly.lean:380:49: `dif_neg` has been deprecated: Use `dite_eq_right` instead
warning: OddOrder/Peterfalvi/S04_DadeIsometry/MobiusAssembly.lean:476:21: `dif_neg` has been deprecated: Use `dite_eq_right` instead
warning: OddOrder/Peterfalvi/S04_DadeIsometry/MobiusAssembly.lean:481:20: `dif_neg` has been deprecated: Use `dite_eq_right` instead
⚠ [3635/3848] Replayed OddOrder.Peterfalvi.S04_DadeIsometry
warning: OddOrder/Peterfalvi/S04_DadeIsometry.lean:201:28: `dif_neg` has been deprecated: Use `dite_eq_right` instead
warning: OddOrder/Peterfalvi/S04_DadeIsometry.lean:212:28: `dif_pos` has been deprecated: Use `dite_eq_left` instead
warning: OddOrder/Peterfalvi/S04_DadeIsometry.lean:603:8: `dif_pos` has been deprecated: Use `dite_eq_left` instead
warning: OddOrder/Peterfalvi/S04_DadeIsometry.lean:745:6: `dif_pos` has been deprecated: Use `dite_eq_left` instead
warning: OddOrder/Peterfalvi/S04_DadeIsometry.lean:768:6: `dif_pos` has been deprecated: Use `dite_eq_left` instead
⚠ [3645/3848] Replayed OddOrder.Peterfalvi.S05_TICyclic
warning: OddOrder/Peterfalvi/S05_TICyclic.lean:296:18: `dif_neg` has been deprecated: Use `dite_eq_right` instead
warning: OddOrder/Peterfalvi/S05_TICyclic.lean:299:12: `dif_pos` has been deprecated: Use `dite_eq_left` instead
warning: OddOrder/Peterfalvi/S05_TICyclic.lean:741:34: `if_pos` has been deprecated: Use `ite_eq_left` instead
warning: OddOrder/Peterfalvi/S05_TICyclic.lean:749:34: `if_neg` has been deprecated: Use `ite_eq_right` instead
⚠ [3647/3848] Replayed OddOrder.Peterfalvi.S07_Coherence.DifferenceImage
warning: OddOrder/Peterfalvi/S07_Coherence/DifferenceImage.lean:741:10: `if_pos` has been deprecated: Use `ite_eq_left` instead
warning: OddOrder/Peterfalvi/S07_Coherence/DifferenceImage.lean:741:20: `if_neg` has been deprecated: Use `ite_eq_right` instead
warning: OddOrder/Peterfalvi/S07_Coherence/DifferenceImage.lean:741:33: `if_neg` has been deprecated: Use `ite_eq_right` instead
warning: OddOrder/Peterfalvi/S07_Coherence/DifferenceImage.lean:747:10: `if_pos` has been deprecated: Use `ite_eq_left` instead
warning: OddOrder/Peterfalvi/S07_Coherence/DifferenceImage.lean:747:20: `if_neg` has been deprecated: Use `ite_eq_right` instead
warning: OddOrder/Peterfalvi/S07_Coherence/DifferenceImage.lean:747:33: `if_neg` has been deprecated: Use `ite_eq_right` instead
warning: OddOrder/Peterfalvi/S07_Coherence/DifferenceImage.lean:753:10: `if_pos` has been deprecated: Use `ite_eq_left` instead
warning: OddOrder/Peterfalvi/S07_Coherence/DifferenceImage.lean:753:20: `if_neg` has been deprecated: Use `ite_eq_right` instead
warning: OddOrder/Peterfalvi/S07_Coherence/DifferenceImage.lean:753:33: `if_neg` has been deprecated: Use `ite_eq_right` instead
warning: OddOrder/Peterfalvi/S07_Coherence/DifferenceImage.lean:759:10: `if_pos` has been deprecated: Use `ite_eq_left` instead
warning: OddOrder/Peterfalvi/S07_Coherence/DifferenceImage.lean:759:20: `if_neg` has been deprecated: Use `ite_eq_right` instead
warning: OddOrder/Peterfalvi/S07_Coherence/DifferenceImage.lean:759:33: `if_neg` has been deprecated: Use `ite_eq_right` instead
warning: OddOrder/Peterfalvi/S07_Coherence/DifferenceImage.lean:767:21: `if_neg` has been deprecated: Use `ite_eq_right` instead
warning: OddOrder/Peterfalvi/S07_Coherence/DifferenceImage.lean:768:21: `if_neg` has been deprecated: Use `ite_eq_right` instead
warning: OddOrder/Peterfalvi/S07_Coherence/DifferenceImage.lean:769:21: `if_neg` has been deprecated: Use `ite_eq_right` instead
warning: OddOrder/Peterfalvi/S07_Coherence/DifferenceImage.lean:770:21: `if_neg` has been deprecated: Use `ite_eq_right` instead
warning: OddOrder/Peterfalvi/S07_Coherence/DifferenceImage.lean:926:31: `if_pos` has been deprecated: Use `ite_eq_left` instead
warning: OddOrder/Peterfalvi/S07_Coherence/DifferenceImage.lean:932:31: `if_neg` has been deprecated: Use `ite_eq_right` instead
warning: OddOrder/Peterfalvi/S07_Coherence/DifferenceImage.lean:1002:15: `if_pos` has been deprecated: Use `ite_eq_left` instead
warning: OddOrder/Peterfalvi/S07_Coherence/DifferenceImage.lean:1003:15: `if_neg` has been deprecated: Use `ite_eq_right` instead
warning: OddOrder/Peterfalvi/S07_Coherence/DifferenceImage.lean:1004:15: `if_neg` has been deprecated: Use `ite_eq_right` instead
warning: OddOrder/Peterfalvi/S07_Coherence/DifferenceImage.lean:1005:15: `if_pos` has been deprecated: Use `ite_eq_left` instead
warning: OddOrder/Peterfalvi/S07_Coherence/DifferenceImage.lean:1022:6: `if_pos` has been deprecated: Use `ite_eq_left` instead
warning: OddOrder/Peterfalvi/S07_Coherence/DifferenceImage.lean:1023:6: `if_neg` has been deprecated: Use `ite_eq_right` instead
warning: OddOrder/Peterfalvi/S07_Coherence/DifferenceImage.lean:1054:10: `if_pos` has been deprecated: Use `ite_eq_left` instead
warning: OddOrder/Peterfalvi/S07_Coherence/DifferenceImage.lean:1055:8: `if_pos` has been deprecated: Use `ite_eq_left` instead
warning: OddOrder/Peterfalvi/S07_Coherence/DifferenceImage.lean:1056:10: `if_neg` has been deprecated: Use `ite_eq_right` instead
warning: OddOrder/Peterfalvi/S07_Coherence/DifferenceImage.lean:1057:8: `if_neg` has been deprecated: Use `ite_eq_right` instead
warning: OddOrder/Peterfalvi/S07_Coherence/DifferenceImage.lean:1058:10: `if_neg` has been deprecated: Use `ite_eq_right` instead
warning: OddOrder/Peterfalvi/S07_Coherence/DifferenceImage.lean:1059:8: `if_neg` has been deprecated: Use `ite_eq_right` instead
warning: OddOrder/Peterfalvi/S07_Coherence/DifferenceImage.lean:1060:10: `if_pos` has been deprecated: Use `ite_eq_left` instead
warning: OddOrder/Peterfalvi/S07_Coherence/DifferenceImage.lean:1061:8: `if_pos` has been deprecated: Use `ite_eq_left` instead
warning: OddOrder/Peterfalvi/S07_Coherence/DifferenceImage.lean:1315:8: `if_neg` has been deprecated: Use `ite_eq_right` instead
warning: OddOrder/Peterfalvi/S07_Coherence/DifferenceImage.lean:1315:22: `if_neg` has been deprecated: Use `ite_eq_right` instead
warning: OddOrder/Peterfalvi/S07_Coherence/DifferenceImage.lean:1315:52: `if_pos` has been deprecated: Use `ite_eq_left` instead
⚠ [3648/3848] Replayed OddOrder.Peterfalvi.S07_Coherence.NormInequalities
warning: OddOrder/Peterfalvi/S07_Coherence/NormInequalities.lean:430:14: `if_neg` has been deprecated: Use `ite_eq_right` instead
warning: OddOrder/Peterfalvi/S07_Coherence/NormInequalities.lean:431:14: `if_pos` has been deprecated: Use `ite_eq_left` instead
warning: OddOrder/Peterfalvi/S07_Coherence/NormInequalities.lean:437:16: `if_neg` has been deprecated: Use `ite_eq_right` instead
warning: OddOrder/Peterfalvi/S07_Coherence/NormInequalities.lean:438:16: `if_pos` has been deprecated: Use `ite_eq_left` instead
⚠ [3649/3848] Replayed OddOrder.Peterfalvi.S07_Coherence.PsiDecomposition
warning: OddOrder/Peterfalvi/S07_Coherence/PsiDecomposition.lean:102:21: `if_pos` has been deprecated: Use `ite_eq_left` instead
warning: OddOrder/Peterfalvi/S07_Coherence/PsiDecomposition.lean:102:33: `if_pos` has been deprecated: Use `ite_eq_left` instead
warning: OddOrder/Peterfalvi/S07_Coherence/PsiDecomposition.lean:103:12: `if_neg` has been deprecated: Use `ite_eq_right` instead
warning: OddOrder/Peterfalvi/S07_Coherence/PsiDecomposition.lean:103:22: `if_neg` has been deprecated: Use `ite_eq_right` instead
warning: OddOrder/Peterfalvi/S07_Coherence/PsiDecomposition.lean:105:6: `if_pos` has been deprecated: Use `ite_eq_left` instead
warning: OddOrder/Peterfalvi/S07_Coherence/PsiDecomposition.lean:193:19: `if_neg` has been deprecated: Use `ite_eq_right` instead
warning: OddOrder/Peterfalvi/S07_Coherence/PsiDecomposition.lean:195:31: `if_pos` has been deprecated: Use `ite_eq_left` instead
warning: OddOrder/Peterfalvi/S07_Coherence/PsiDecomposition.lean:973:20: `if_pos` has been deprecated: Use `ite_eq_left` instead
warning: OddOrder/Peterfalvi/S07_Coherence/PsiDecomposition.lean:974:35: `if_neg` has been deprecated: Use `ite_eq_right` instead
warning: OddOrder/Peterfalvi/S07_Coherence/PsiDecomposition.lean:1037:10: `if_pos` has been deprecated: Use `ite_eq_left` instead
warning: OddOrder/Peterfalvi/S07_Coherence/PsiDecomposition.lean:1037:22: `if_pos` has been deprecated: Use `ite_eq_left` instead
warning: OddOrder/Peterfalvi/S07_Coherence/PsiDecomposition.lean:1038:14: `if_neg` has been deprecated: Use `ite_eq_right` instead
warning: OddOrder/Peterfalvi/S07_Coherence/PsiDecomposition.lean:1038:32: `if_neg` has been deprecated: Use `ite_eq_right` instead
warning: OddOrder/Peterfalvi/S07_Coherence/PsiDecomposition.lean:1044:10: `if_pos` has been deprecated: Use `ite_eq_left` instead
warning: OddOrder/Peterfalvi/S07_Coherence/PsiDecomposition.lean:1044:22: `if_pos` has been deprecated: Use `ite_eq_left` instead
warning: OddOrder/Peterfalvi/S07_Coherence/PsiDecomposition.lean:1045:14: `if_neg` has been deprecated: Use `ite_eq_right` instead
warning: OddOrder/Peterfalvi/S07_Coherence/PsiDecomposition.lean:1045:32: `if_neg` has been deprecated: Use `ite_eq_right` instead
warning: OddOrder/Peterfalvi/S07_Coherence/PsiDecomposition.lean:1200:24: `if_pos` has been deprecated: Use `ite_eq_left` instead
warning: OddOrder/Peterfalvi/S07_Coherence/PsiDecomposition.lean:1201:39: `if_neg` has been deprecated: Use `ite_eq_right` instead
warning: OddOrder/Peterfalvi/S07_Coherence/PsiDecomposition.lean:1245:68: `if_pos` has been deprecated: Use `ite_eq_left` instead
warning: OddOrder/Peterfalvi/S07_Coherence/PsiDecomposition.lean:1248:6: `if_neg` has been deprecated: Use `ite_eq_right` instead
⚠ [3650/3848] Replayed OddOrder.Peterfalvi.S07_Coherence.CoherenceExtensionTau2
warning: OddOrder/Peterfalvi/S07_Coherence/CoherenceExtensionTau2.lean:343:24: `if_neg` has been deprecated: Use `ite_eq_right` instead
warning: OddOrder/Peterfalvi/S07_Coherence/CoherenceExtensionTau2.lean:345:32: `if_pos` has been deprecated: Use `ite_eq_left` instead
⚠ [3652/3848] Replayed OddOrder.Peterfalvi.S07_Coherence.FamilyBundleBasic
warning: OddOrder/Peterfalvi/S07_Coherence/FamilyBundleBasic.lean:186:19: `if_pos` has been deprecated: Use `ite_eq_left` instead
warning: OddOrder/Peterfalvi/S07_Coherence/FamilyBundleBasic.lean:187:10: `if_neg` has been deprecated: Use `ite_eq_right` instead
warning: OddOrder/Peterfalvi/S07_Coherence/FamilyBundleBasic.lean:251:13: `if_pos` has been deprecated: Use `ite_eq_left` instead
warning: OddOrder/Peterfalvi/S07_Coherence/FamilyBundleBasic.lean:258:10: `if_neg` has been deprecated: Use `ite_eq_right` instead
warning: OddOrder/Peterfalvi/S07_Coherence/FamilyBundleBasic.lean:272:12: `if_pos` has been deprecated: Use `ite_eq_left` instead
warning: OddOrder/Peterfalvi/S07_Coherence/FamilyBundleBasic.lean:272:22: `if_pos` has been deprecated: Use `ite_eq_left` instead
warning: OddOrder/Peterfalvi/S07_Coherence/FamilyBundleBasic.lean:273:12: `if_neg` has been deprecated: Use `ite_eq_right` instead
warning: OddOrder/Peterfalvi/S07_Coherence/FamilyBundleBasic.lean:273:22: `if_neg` has been deprecated: Use `ite_eq_right` instead
warning: OddOrder/Peterfalvi/S07_Coherence/FamilyBundleBasic.lean:275:6: `if_pos` has been deprecated: Use `ite_eq_left` instead
⚠ [3653/3848] Replayed OddOrder.Peterfalvi.S07_Coherence.FamilyBundleDade
warning: OddOrder/Peterfalvi/S07_Coherence/FamilyBundleDade.lean:871:10: `if_pos` has been deprecated: Use `ite_eq_left` instead
warning: OddOrder/Peterfalvi/S07_Coherence/FamilyBundleDade.lean:871:20: `if_pos` has been deprecated: Use `ite_eq_left` instead
warning: OddOrder/Peterfalvi/S07_Coherence/FamilyBundleDade.lean:872:10: `if_neg` has been deprecated: Use `ite_eq_right` instead
warning: OddOrder/Peterfalvi/S07_Coherence/FamilyBundleDade.lean:872:20: `if_neg` has been deprecated: Use `ite_eq_right` instead
⚠ [3682/3848] Replayed OddOrder.Peterfalvi.S08_YsetInner.CharacterBreaks
warning: OddOrder/Peterfalvi/S08_YsetInner/CharacterBreaks.lean:59:80: `if_pos` has been deprecated: Use `ite_eq_left` instead
warning: OddOrder/Peterfalvi/S08_YsetInner/CharacterBreaks.lean:61:80: `if_neg` has been deprecated: Use `ite_eq_right` instead
warning: OddOrder/Peterfalvi/S08_YsetInner/CharacterBreaks.lean:191:37: `dif_pos` has been deprecated: Use `dite_eq_left` instead
warning: OddOrder/Peterfalvi/S08_YsetInner/CharacterBreaks.lean:201:23: `dif_pos` has been deprecated: Use `dite_eq_left` instead
warning: OddOrder/Peterfalvi/S08_YsetInner/CharacterBreaks.lean:359:6: `dif_pos` has been deprecated: Use `dite_eq_left` instead
warning: OddOrder/Peterfalvi/S08_YsetInner/CharacterBreaks.lean:735:68: `dif_pos` has been deprecated: Use `dite_eq_left` instead
warning: OddOrder/Peterfalvi/S08_YsetInner/CharacterBreaks.lean:872:68: `dif_pos` has been deprecated: Use `dite_eq_left` instead
⚠ [3684/3848] Replayed OddOrder.Peterfalvi.S08_CoherenceCorePart1.CoherentAdjoin
warning: OddOrder/Peterfalvi/S08_CoherenceCorePart1/CoherentAdjoin.lean:120:10: `if_pos` has been deprecated: Use `ite_eq_left` instead
warning: OddOrder/Peterfalvi/S08_CoherenceCorePart1/CoherentAdjoin.lean:120:22: `if_pos` has been deprecated: Use `ite_eq_left` instead
warning: OddOrder/Peterfalvi/S08_CoherenceCorePart1/CoherentAdjoin.lean:121:10: `if_neg` has been deprecated: Use `ite_eq_right` instead
warning: OddOrder/Peterfalvi/S08_CoherenceCorePart1/CoherentAdjoin.lean:121:22: `if_neg` has been deprecated: Use `ite_eq_right` instead
warning: OddOrder/Peterfalvi/S08_CoherenceCorePart1/CoherentAdjoin.lean:192:8: `if_neg` has been deprecated: Use `ite_eq_right` instead
warning: OddOrder/Peterfalvi/S08_CoherenceCorePart1/CoherentAdjoin.lean:192:42: `if_pos` has been deprecated: Use `ite_eq_left` instead
warning: OddOrder/Peterfalvi/S08_CoherenceCorePart1/CoherentAdjoin.lean:203:17: `if_pos` has been deprecated: Use `ite_eq_left` instead
warning: OddOrder/Peterfalvi/S08_CoherenceCorePart1/CoherentAdjoin.lean:204:17: `if_neg` has been deprecated: Use `ite_eq_right` instead
warning: OddOrder/Peterfalvi/S08_CoherenceCorePart1/CoherentAdjoin.lean:214:79: `if_pos` has been deprecated: Use `ite_eq_left` instead
warning: OddOrder/Peterfalvi/S08_CoherenceCorePart1/CoherentAdjoin.lean:679:10: `if_neg` has been deprecated: Use `ite_eq_right` instead
warning: OddOrder/Peterfalvi/S08_CoherenceCorePart1/CoherentAdjoin.lean:679:20: `if_neg` has been deprecated: Use `ite_eq_right` instead
⚠ [3686/3848] Replayed OddOrder.GroupTheory.TISubsetCounting
warning: OddOrder/GroupTheory/TISubsetCounting.lean:168:10: `if_pos` has been deprecated: Use `ite_eq_left` instead
warning: OddOrder/GroupTheory/TISubsetCounting.lean:188:10: `if_neg` has been deprecated: Use `ite_eq_right` instead
⚠ [3689/3848] Replayed OddOrder.Peterfalvi.S08_InducedKernelFamily
warning: OddOrder/Peterfalvi/S08_InducedKernelFamily.lean:196:12: `if_neg` has been deprecated: Use `ite_eq_right` instead
⚠ [3690/3848] Replayed OddOrder.Peterfalvi.S08_DegreeSums.CoherenceGlue
warning: OddOrder/Peterfalvi/S08_DegreeSums/CoherenceGlue.lean:305:9: `if_neg` has been deprecated: Use `ite_eq_right` instead
warning: OddOrder/Peterfalvi/S08_DegreeSums/CoherenceGlue.lean:308:9: `if_neg` has been deprecated: Use `ite_eq_right` instead
warning: OddOrder/Peterfalvi/S08_DegreeSums/CoherenceGlue.lean:563:9: `if_neg` has been deprecated: Use `ite_eq_right` instead
warning: OddOrder/Peterfalvi/S08_DegreeSums/CoherenceGlue.lean:566:9: `if_neg` has been deprecated: Use `ite_eq_right` instead
⚠ [3691/3848] Replayed OddOrder.Peterfalvi.S08_DegreeSums
warning: OddOrder/Peterfalvi/S08_DegreeSums.lean:377:10: `if_neg` has been deprecated: Use `ite_eq_right` instead
warning: OddOrder/Peterfalvi/S08_DegreeSums.lean:377:43: `if_neg` has been deprecated: Use `ite_eq_right` instead
warning: OddOrder/Peterfalvi/S08_DegreeSums.lean:456:9: `if_neg` has been deprecated: Use `ite_eq_right` instead
warning: OddOrder/Peterfalvi/S08_DegreeSums.lean:463:9: `if_neg` has been deprecated: Use `ite_eq_right` instead
⚠ [3697/3848] Replayed OddOrder.GroupTheory.RepresentationTheory.CyclicCharacterExtension
warning: OddOrder/GroupTheory/RepresentationTheory/CyclicCharacterExtension.lean:85:41: `if_pos` has been deprecated: Use `ite_eq_left` instead
warning: OddOrder/GroupTheory/RepresentationTheory/CyclicCharacterExtension.lean:89:6: `if_neg` has been deprecated: Use `ite_eq_right` instead
⚠ [3706/3848] Replayed OddOrder.GroupTheory.RepresentationTheory.ExtraspecialFaithful
warning: OddOrder/GroupTheory/RepresentationTheory/ExtraspecialFaithful.lean:138:6: `if_pos` has been deprecated: Use `ite_eq_left` instead
warning: OddOrder/GroupTheory/RepresentationTheory/ExtraspecialFaithful.lean:148:10: `if_pos` has been deprecated: Use `ite_eq_left` instead
warning: OddOrder/GroupTheory/RepresentationTheory/ExtraspecialFaithful.lean:149:10: `if_neg` has been deprecated: Use `ite_eq_right` instead
warning: OddOrder/GroupTheory/RepresentationTheory/ExtraspecialFaithful.lean:209:19: `if_pos` has been deprecated: Use `ite_eq_left` instead
warning: OddOrder/GroupTheory/RepresentationTheory/ExtraspecialFaithful.lean:210:10: `if_neg` has been deprecated: Use `ite_eq_right` instead
warning: OddOrder/GroupTheory/RepresentationTheory/ExtraspecialFaithful.lean:224:32: `if_true` has been deprecated: Use `ite_true` instead
⚠ [3707/3848] Replayed OddOrder.GroupTheory.RepresentationTheory.CliffordConjugateChar
warning: OddOrder/GroupTheory/RepresentationTheory/CliffordConjugateChar.lean:281:41: `if_pos` has been deprecated: Use `ite_eq_left` instead
warning: OddOrder/GroupTheory/RepresentationTheory/CliffordConjugateChar.lean:290:8: `if_neg` has been deprecated: Use `ite_eq_right` instead
⚠ [3708/3848] Replayed OddOrder.GroupTheory.RepresentationTheory.CliffordSingleOrbit
warning: OddOrder/GroupTheory/RepresentationTheory/CliffordSingleOrbit.lean:401:10: `if_pos` has been deprecated: Use `ite_eq_left` instead
warning: OddOrder/GroupTheory/RepresentationTheory/CliffordSingleOrbit.lean:405:10: `if_neg` has been deprecated: Use `ite_eq_right` instead
warning: OddOrder/GroupTheory/RepresentationTheory/CliffordSingleOrbit.lean:485:14: `if_neg` has been deprecated: Use `ite_eq_right` instead
⚠ [3712/3848] Replayed OddOrder.GroupTheory.RepresentationTheory.CliffordDecomposition
warning: OddOrder/GroupTheory/RepresentationTheory/CliffordDecomposition.lean:551:41: `if_neg` has been deprecated: Use `ite_eq_right` instead
⚠ [3715/3848] Replayed OddOrder.Peterfalvi.S08_GeneralAdjoin
warning: OddOrder/Peterfalvi/S08_GeneralAdjoin.lean:415:8: `if_neg` has been deprecated: Use `ite_eq_right` instead
warning: OddOrder/Peterfalvi/S08_GeneralAdjoin.lean:415:42: `if_pos` has been deprecated: Use `ite_eq_left` instead
warning: OddOrder/Peterfalvi/S08_GeneralAdjoin.lean:425:17: `if_pos` has been deprecated: Use `ite_eq_left` instead
warning: OddOrder/Peterfalvi/S08_GeneralAdjoin.lean:426:17: `if_neg` has been deprecated: Use `ite_eq_right` instead
warning: OddOrder/Peterfalvi/S08_GeneralAdjoin.lean:435:79: `if_pos` has been deprecated: Use `ite_eq_left` instead
warning: OddOrder/Peterfalvi/S08_GeneralAdjoin.lean:720:10: `if_neg` has been deprecated: Use `ite_eq_right` instead
warning: OddOrder/Peterfalvi/S08_GeneralAdjoin.lean:720:49: `if_neg` has been deprecated: Use `ite_eq_right` instead
⚠ [3717/3848] Replayed OddOrder.Peterfalvi.S08_GeneralAdjoinWeighted
warning: OddOrder/Peterfalvi/S08_GeneralAdjoinWeighted.lean:88:58: `if_pos` has been deprecated: Use `ite_eq_left` instead
warning: OddOrder/Peterfalvi/S08_GeneralAdjoinWeighted.lean:93:58: `if_neg` has been deprecated: Use `ite_eq_right` instead
warning: OddOrder/Peterfalvi/S08_GeneralAdjoinWeighted.lean:218:8: `if_pos` has been deprecated: Use `ite_eq_left` instead
warning: OddOrder/Peterfalvi/S08_GeneralAdjoinWeighted.lean:242:10: `if_pos` has been deprecated: Use `ite_eq_left` instead
warning: OddOrder/Peterfalvi/S08_GeneralAdjoinWeighted.lean:247:10: `if_pos` has been deprecated: Use `ite_eq_left` instead
warning: OddOrder/Peterfalvi/S08_GeneralAdjoinWeighted.lean:249:10: `if_neg` has been deprecated: Use `ite_eq_right` instead
warning: OddOrder/Peterfalvi/S08_GeneralAdjoinWeighted.lean:253:10: `if_neg` has been deprecated: Use `ite_eq_right` instead
warning: OddOrder/Peterfalvi/S08_GeneralAdjoinWeighted.lean:258:79: `if_pos` has been deprecated: Use `ite_eq_left` instead
warning: OddOrder/Peterfalvi/S08_GeneralAdjoinWeighted.lean:572:33: `if_pos` has been deprecated: Use `ite_eq_left` instead
warning: OddOrder/Peterfalvi/S08_GeneralAdjoinWeighted.lean:600:10: `if_neg` has been deprecated: Use `ite_eq_right` instead
warning: OddOrder/Peterfalvi/S08_GeneralAdjoinWeighted.lean:600:20: `if_neg` has been deprecated: Use `ite_eq_right` instead
⚠ [3718/3848] Replayed OddOrder.Peterfalvi.S08_SixTwoGeneral
warning: OddOrder/Peterfalvi/S08_SixTwoGeneral.lean:497:21: `if_pos` has been deprecated: Use `ite_eq_left` instead
warning: OddOrder/Peterfalvi/S08_SixTwoGeneral.lean:498:10: `if_neg` has been deprecated: Use `ite_eq_right` instead
⚠ [3720/3848] Replayed OddOrder.Peterfalvi.S07_CoherenceConstantDegree
warning: OddOrder/Peterfalvi/S07_CoherenceConstantDegree.lean:282:38: `if_pos` has been deprecated: Use `ite_eq_left` instead
warning: OddOrder/Peterfalvi/S07_CoherenceConstantDegree.lean:285:38: `if_neg` has been deprecated: Use `ite_eq_right` instead
warning: OddOrder/Peterfalvi/S07_CoherenceConstantDegree.lean:288:38: `if_neg` has been deprecated: Use `ite_eq_right` instead
warning: OddOrder/Peterfalvi/S07_CoherenceConstantDegree.lean:291:38: `if_pos` has been deprecated: Use `ite_eq_left` instead
⚠ [3722/3848] Replayed OddOrder.Peterfalvi.S08_SixFiveGeneral
warning: OddOrder/Peterfalvi/S08_SixFiveGeneral.lean:87:35: `if_neg` has been deprecated: Use `ite_eq_right` instead
warning: OddOrder/Peterfalvi/S08_SixFiveGeneral.lean:90:26: `if_neg` has been deprecated: Use `ite_eq_right` instead
⚠ [3723/3848] Replayed OddOrder.Peterfalvi.S08_SixSixGeneral
warning: OddOrder/Peterfalvi/S08_SixSixGeneral.lean:354:27: `if_neg` has been deprecated: Use `ite_eq_right` instead
warning: OddOrder/Peterfalvi/S08_SixSixGeneral.lean:357:35: `if_neg` has been deprecated: Use `ite_eq_right` instead
warning: OddOrder/Peterfalvi/S08_SixSixGeneral.lean:720:10: `if_neg` has been deprecated: Use `ite_eq_right` instead
⚠ [3725/3848] Replayed OddOrder.Peterfalvi.S08_XBlockCounting
warning: OddOrder/Peterfalvi/S08_XBlockCounting.lean:113:10: `if_pos` has been deprecated: Use `ite_eq_left` instead
warning: OddOrder/Peterfalvi/S08_XBlockCounting.lean:113:36: `if_pos` has been deprecated: Use `ite_eq_left` instead
warning: OddOrder/Peterfalvi/S08_XBlockCounting.lean:114:10: `if_neg` has been deprecated: Use `ite_eq_right` instead
warning: OddOrder/Peterfalvi/S08_XBlockCounting.lean:114:60: `if_neg` has been deprecated: Use `ite_eq_right` instead
info: OddOrder/Peterfalvi/S08_XBlockCounting.lean:159:4: Try this:
  [apply] ring_nf
  
  The `ring` tactic failed to close the goal. Use `ring_nf` to obtain a normal form.
    
  Note that `ring` works primarily in *commutative* rings. If you have a noncommutative ring, abelian group or module, consider using `noncomm_ring`, `abel` or `module` instead.
warning: OddOrder/Peterfalvi/S08_XBlockCounting.lean:179:86: `if_pos` has been deprecated: Use `ite_eq_left` instead
warning: OddOrder/Peterfalvi/S08_XBlockCounting.lean:182:8: `if_pos` has been deprecated: Use `ite_eq_left` instead
warning: OddOrder/Peterfalvi/S08_XBlockCounting.lean:184:86: `if_pos` has been deprecated: Use `ite_eq_left` instead
warning: OddOrder/Peterfalvi/S08_XBlockCounting.lean:187:8: `if_pos` has been deprecated: Use `ite_eq_left` instead
warning: OddOrder/Peterfalvi/S08_XBlockCounting.lean:189:8: `if_neg` has been deprecated: Use `ite_eq_right` instead
warning: OddOrder/Peterfalvi/S08_XBlockCounting.lean:191:8: `if_neg` has been deprecated: Use `ite_eq_right` instead
warning: OddOrder/Peterfalvi/S08_XBlockCounting.lean:236:10: `if_pos` has been deprecated: Use `ite_eq_left` instead
warning: OddOrder/Peterfalvi/S08_XBlockCounting.lean:236:36: `if_pos` has been deprecated: Use `ite_eq_left` instead
warning: OddOrder/Peterfalvi/S08_XBlockCounting.lean:237:10: `if_neg` has been deprecated: Use `ite_eq_right` instead
warning: OddOrder/Peterfalvi/S08_XBlockCounting.lean:237:60: `if_neg` has been deprecated: Use `ite_eq_right` instead
info: OddOrder/Peterfalvi/S08_XBlockCounting.lean:282:4: Try this:
  [apply] ring_nf
  
  The `ring` tactic failed to close the goal. Use `ring_nf` to obtain a normal form.
    
  Note that `ring` works primarily in *commutative* rings. If you have a noncommutative ring, abelian group or module, consider using `noncomm_ring`, `abel` or `module` instead.
warning: OddOrder/Peterfalvi/S08_XBlockCounting.lean:302:86: `if_pos` has been deprecated: Use `ite_eq_left` instead
warning: OddOrder/Peterfalvi/S08_XBlockCounting.lean:305:8: `if_pos` has been deprecated: Use `ite_eq_left` instead
warning: OddOrder/Peterfalvi/S08_XBlockCounting.lean:307:86: `if_pos` has been deprecated: Use `ite_eq_left` instead
warning: OddOrder/Peterfalvi/S08_XBlockCounting.lean:310:8: `if_pos` has been deprecated: Use `ite_eq_left` instead
warning: OddOrder/Peterfalvi/S08_XBlockCounting.lean:312:8: `if_neg` has been deprecated: Use `ite_eq_right` instead
warning: OddOrder/Peterfalvi/S08_XBlockCounting.lean:314:8: `if_neg` has been deprecated: Use `ite_eq_right` instead
warning: OddOrder/Peterfalvi/S08_XBlockCounting.lean:820:10: `if_pos` has been deprecated: Use `ite_eq_left` instead
warning: OddOrder/Peterfalvi/S08_XBlockCounting.lean:820:36: `if_pos` has been deprecated: Use `ite_eq_left` instead
warning: OddOrder/Peterfalvi/S08_XBlockCounting.lean:821:10: `if_neg` has been deprecated: Use `ite_eq_right` instead
warning: OddOrder/Peterfalvi/S08_XBlockCounting.lean:821:60: `if_neg` has been deprecated: Use `ite_eq_right` instead
warning: OddOrder/Peterfalvi/S08_XBlockCounting.lean:834:6: `if_neg` has been deprecated: Use `ite_eq_right` instead
⚠ [3726/3848] Replayed OddOrder.Peterfalvi.S08_SibleyRestrictionLemmas
warning: OddOrder/Peterfalvi/S08_SibleyRestrictionLemmas.lean:256:60: `if_neg` has been deprecated: Use `ite_eq_right` instead
warning: OddOrder/Peterfalvi/S08_SibleyRestrictionLemmas.lean:256:82: `if_pos` has been deprecated: Use `ite_eq_left` instead
warning: OddOrder/Peterfalvi/S08_SibleyRestrictionLemmas.lean:315:60: `if_neg` has been deprecated: Use `ite_eq_right` instead
warning: OddOrder/Peterfalvi/S08_SibleyRestrictionLemmas.lean:315:82: `if_pos` has been deprecated: Use `ite_eq_left` instead
warning: OddOrder/Peterfalvi/S08_SibleyRestrictionLemmas.lean:528:55: `if_neg` has been deprecated: Use `ite_eq_right` instead
warning: OddOrder/Peterfalvi/S08_SibleyRestrictionLemmas.lean:532:57: `if_pos` has been deprecated: Use `ite_eq_left` instead
warning: OddOrder/Peterfalvi/S08_SibleyRestrictionLemmas.lean:540:21: `if_pos` has been deprecated: Use `ite_eq_left` instead
warning: OddOrder/Peterfalvi/S08_SibleyRestrictionLemmas.lean:541:10: `if_neg` has been deprecated: Use `ite_eq_right` instead
warning: OddOrder/Peterfalvi/S08_SibleyRestrictionLemmas.lean:572:10: `if_neg` has been deprecated: Use `ite_eq_right` instead
warning: OddOrder/Peterfalvi/S08_SibleyRestrictionLemmas.lean:572:22: `if_neg` has been deprecated: Use `ite_eq_right` instead
warning: OddOrder/Peterfalvi/S08_SibleyRestrictionLemmas.lean:583:10: `if_neg` has been deprecated: Use `ite_eq_right` instead
warning: OddOrder/Peterfalvi/S08_SibleyRestrictionLemmas.lean:583:22: `if_neg` has been deprecated: Use `ite_eq_right` instead
warning: OddOrder/Peterfalvi/S08_SibleyRestrictionLemmas.lean:602:12: `if_neg` has been deprecated: Use `ite_eq_right` instead
warning: OddOrder/Peterfalvi/S08_SibleyRestrictionLemmas.lean:602:60: `if_neg` has been deprecated: Use `ite_eq_right` instead
warning: OddOrder/Peterfalvi/S08_SibleyRestrictionLemmas.lean:603:70: `if_pos` has been deprecated: Use `ite_eq_left` instead
warning: OddOrder/Peterfalvi/S08_SibleyRestrictionLemmas.lean:608:42: `if_neg` has been deprecated: Use `ite_eq_right` instead
warning: OddOrder/Peterfalvi/S08_SibleyRestrictionLemmas.lean:671:55: `if_neg` has been deprecated: Use `ite_eq_right` instead
warning: OddOrder/Peterfalvi/S08_SibleyRestrictionLemmas.lean:675:57: `if_pos` has been deprecated: Use `ite_eq_left` instead
warning: OddOrder/Peterfalvi/S08_SibleyRestrictionLemmas.lean:683:21: `if_pos` has been deprecated: Use `ite_eq_left` instead
warning: OddOrder/Peterfalvi/S08_SibleyRestrictionLemmas.lean:684:10: `if_neg` has been deprecated: Use `ite_eq_right` instead
warning: OddOrder/Peterfalvi/S08_SibleyRestrictionLemmas.lean:715:10: `if_neg` has been deprecated: Use `ite_eq_right` instead
warning: OddOrder/Peterfalvi/S08_SibleyRestrictionLemmas.lean:715:22: `if_neg` has been deprecated: Use `ite_eq_right` instead
warning: OddOrder/Peterfalvi/S08_SibleyRestrictionLemmas.lean:726:10: `if_neg` has been deprecated: Use `ite_eq_right` instead
warning: OddOrder/Peterfalvi/S08_SibleyRestrictionLemmas.lean:726:22: `if_neg` has been deprecated: Use `ite_eq_right` instead
warning: OddOrder/Peterfalvi/S08_SibleyRestrictionLemmas.lean:745:12: `if_neg` has been deprecated: Use `ite_eq_right` instead
warning: OddOrder/Peterfalvi/S08_SibleyRestrictionLemmas.lean:745:60: `if_neg` has been deprecated: Use `ite_eq_right` instead
warning: OddOrder/Peterfalvi/S08_SibleyRestrictionLemmas.lean:746:70: `if_pos` has been deprecated: Use `ite_eq_left` instead
warning: OddOrder/Peterfalvi/S08_SibleyRestrictionLemmas.lean:751:42: `if_neg` has been deprecated: Use `ite_eq_right` instead
⚠ [3727/3848] Replayed OddOrder.Peterfalvi.S08_RestrictExtensionDvd
warning: OddOrder/Peterfalvi/S08_RestrictExtensionDvd.lean:87:58: `if_pos` has been deprecated: Use `ite_eq_left` instead
warning: OddOrder/Peterfalvi/S08_RestrictExtensionDvd.lean:98:46: `if_neg` has been deprecated: Use `ite_eq_right` instead
warning: OddOrder/Peterfalvi/S08_RestrictExtensionDvd.lean:178:58: `if_pos` has been deprecated: Use `ite_eq_left` instead
warning: OddOrder/Peterfalvi/S08_RestrictExtensionDvd.lean:189:46: `if_neg` has been deprecated: Use `ite_eq_right` instead
warning: OddOrder/Peterfalvi/S08_RestrictExtensionDvd.lean:318:4: `if_neg` has been deprecated: Use `ite_eq_right` instead
warning: OddOrder/Peterfalvi/S08_RestrictExtensionDvd.lean:318:26: `if_pos` has been deprecated: Use `ite_eq_left` instead
warning: OddOrder/Peterfalvi/S08_RestrictExtensionDvd.lean:379:4: `if_neg` has been deprecated: Use `ite_eq_right` instead
warning: OddOrder/Peterfalvi/S08_RestrictExtensionDvd.lean:379:26: `if_pos` has been deprecated: Use `ite_eq_left` instead
warning: OddOrder/Peterfalvi/S08_RestrictExtensionDvd.lean:584:28: `if_pos` has been deprecated: Use `ite_eq_left` instead
warning: OddOrder/Peterfalvi/S08_RestrictExtensionDvd.lean:586:28: `if_pos` has been deprecated: Use `ite_eq_left` instead
warning: OddOrder/Peterfalvi/S08_RestrictExtensionDvd.lean:588:28: `if_neg` has been deprecated: Use `ite_eq_right` instead
warning: OddOrder/Peterfalvi/S08_RestrictExtensionDvd.lean:697:28: `if_pos` has been deprecated: Use `ite_eq_left` instead
warning: OddOrder/Peterfalvi/S08_RestrictExtensionDvd.lean:699:28: `if_pos` has been deprecated: Use `ite_eq_left` instead
warning: OddOrder/Peterfalvi/S08_RestrictExtensionDvd.lean:701:28: `if_neg` has been deprecated: Use `ite_eq_right` instead
⚠ [3728/3848] Replayed OddOrder.Peterfalvi.S08_SibleyCoherenceLemmas
warning: OddOrder/Peterfalvi/S08_SibleyCoherenceLemmas.lean:124:26: `if_neg` has been deprecated: Use `ite_eq_right` instead
warning: OddOrder/Peterfalvi/S08_SibleyCoherenceLemmas.lean:124:70: `if_neg` has been deprecated: Use `ite_eq_right` instead
warning: OddOrder/Peterfalvi/S08_SibleyCoherenceLemmas.lean:174:26: `if_neg` has been deprecated: Use `ite_eq_right` instead
warning: OddOrder/Peterfalvi/S08_SibleyCoherenceLemmas.lean:174:70: `if_neg` has been deprecated: Use `ite_eq_right` instead
warning: OddOrder/Peterfalvi/S08_SibleyCoherenceLemmas.lean:573:73: `if_neg` has been deprecated: Use `ite_eq_right` instead
warning: OddOrder/Peterfalvi/S08_SibleyCoherenceLemmas.lean:574:73: `if_pos` has been deprecated: Use `ite_eq_left` instead
warning: OddOrder/Peterfalvi/S08_SibleyCoherenceLemmas.lean:638:73: `if_neg` has been deprecated: Use `ite_eq_right` instead
warning: OddOrder/Peterfalvi/S08_SibleyCoherenceLemmas.lean:639:73: `if_pos` has been deprecated: Use `ite_eq_left` instead
⚠ [3729/3848] Replayed OddOrder.Peterfalvi.S08_CoherenceCore
warning: OddOrder/Peterfalvi/S08_CoherenceCore.lean:71:26: `if_neg` has been deprecated: Use `ite_eq_right` instead
warning: OddOrder/Peterfalvi/S08_CoherenceCore.lean:71:71: `if_neg` has been deprecated: Use `ite_eq_right` instead
warning: OddOrder/Peterfalvi/S08_CoherenceCore.lean:121:26: `if_neg` has been deprecated: Use `ite_eq_right` instead
warning: OddOrder/Peterfalvi/S08_CoherenceCore.lean:121:71: `if_neg` has been deprecated: Use `ite_eq_right` instead
warning: OddOrder/Peterfalvi/S08_CoherenceCore.lean:168:12: `if_pos` has been deprecated: Use `ite_eq_left` instead
warning: OddOrder/Peterfalvi/S08_CoherenceCore.lean:168:38: `if_pos` has been deprecated: Use `ite_eq_left` instead
warning: OddOrder/Peterfalvi/S08_CoherenceCore.lean:169:12: `if_neg` has been deprecated: Use `ite_eq_right` instead
warning: OddOrder/Peterfalvi/S08_CoherenceCore.lean:169:62: `if_neg` has been deprecated: Use `ite_eq_right` instead
warning: OddOrder/Peterfalvi/S08_CoherenceCore.lean:173:38: `if_neg` has been deprecated: Use `ite_eq_right` instead
warning: OddOrder/Peterfalvi/S08_CoherenceCore.lean:174:83: `if_pos` has been deprecated: Use `ite_eq_left` instead
warning: OddOrder/Peterfalvi/S08_CoherenceCore.lean:175:83: `if_pos` has been deprecated: Use `ite_eq_left` instead
warning: OddOrder/Peterfalvi/S08_CoherenceCore.lean:244:12: `if_pos` has been deprecated: Use `ite_eq_left` instead
warning: OddOrder/Peterfalvi/S08_CoherenceCore.lean:244:38: `if_pos` has been deprecated: Use `ite_eq_left` instead
warning: OddOrder/Peterfalvi/S08_CoherenceCore.lean:245:12: `if_neg` has been deprecated: Use `ite_eq_right` instead
warning: OddOrder/Peterfalvi/S08_CoherenceCore.lean:245:62: `if_neg` has been deprecated: Use `ite_eq_right` instead
warning: OddOrder/Peterfalvi/S08_CoherenceCore.lean:249:38: `if_neg` has been deprecated: Use `ite_eq_right` instead
warning: OddOrder/Peterfalvi/S08_CoherenceCore.lean:250:83: `if_pos` has been deprecated: Use `ite_eq_left` instead
warning: OddOrder/Peterfalvi/S08_CoherenceCore.lean:251:83: `if_pos` has been deprecated: Use `ite_eq_left` instead
warning: OddOrder/Peterfalvi/S08_CoherenceCore.lean:318:12: `if_pos` has been deprecated: Use `ite_eq_left` instead
warning: OddOrder/Peterfalvi/S08_CoherenceCore.lean:318:38: `if_pos` has been deprecated: Use `ite_eq_left` instead
warning: OddOrder/Peterfalvi/S08_CoherenceCore.lean:319:12: `if_neg` has been deprecated: Use `ite_eq_right` instead
warning: OddOrder/Peterfalvi/S08_CoherenceCore.lean:319:62: `if_neg` has been deprecated: Use `ite_eq_right` instead
warning: OddOrder/Peterfalvi/S08_CoherenceCore.lean:323:38: `if_neg` has been deprecated: Use `ite_eq_right` instead
warning: OddOrder/Peterfalvi/S08_CoherenceCore.lean:324:83: `if_pos` has been deprecated: Use `ite_eq_left` instead
warning: OddOrder/Peterfalvi/S08_CoherenceCore.lean:325:83: `if_pos` has been deprecated: Use `ite_eq_left` instead
warning: OddOrder/Peterfalvi/S08_CoherenceCore.lean:386:12: `if_pos` has been deprecated: Use `ite_eq_left` instead
warning: OddOrder/Peterfalvi/S08_CoherenceCore.lean:386:38: `if_pos` has been deprecated: Use `ite_eq_left` instead
warning: OddOrder/Peterfalvi/S08_CoherenceCore.lean:387:12: `if_neg` has been deprecated: Use `ite_eq_right` instead
warning: OddOrder/Peterfalvi/S08_CoherenceCore.lean:387:62: `if_neg` has been deprecated: Use `ite_eq_right` instead
warning: OddOrder/Peterfalvi/S08_CoherenceCore.lean:391:38: `if_neg` has been deprecated: Use `ite_eq_right` instead
warning: OddOrder/Peterfalvi/S08_CoherenceCore.lean:392:83: `if_pos` has been deprecated: Use `ite_eq_left` instead
warning: OddOrder/Peterfalvi/S08_CoherenceCore.lean:393:83: `if_pos` has been deprecated: Use `ite_eq_left` instead
warning: OddOrder/Peterfalvi/S08_CoherenceCore.lean:443:10: `if_pos` has been deprecated: Use `ite_eq_left` instead
warning: OddOrder/Peterfalvi/S08_CoherenceCore.lean:443:36: `if_pos` has been deprecated: Use `ite_eq_left` instead
warning: OddOrder/Peterfalvi/S08_CoherenceCore.lean:444:10: `if_neg` has been deprecated: Use `ite_eq_right` instead
warning: OddOrder/Peterfalvi/S08_CoherenceCore.lean:444:60: `if_neg` has been deprecated: Use `ite_eq_right` instead
warning: OddOrder/Peterfalvi/S08_CoherenceCore.lean:457:6: `if_neg` has been deprecated: Use `ite_eq_right` instead
warning: OddOrder/Peterfalvi/S08_CoherenceCore.lean:511:10: `if_pos` has been deprecated: Use `ite_eq_left` instead
warning: OddOrder/Peterfalvi/S08_CoherenceCore.lean:511:36: `if_pos` has been deprecated: Use `ite_eq_left` instead
warning: OddOrder/Peterfalvi/S08_CoherenceCore.lean:512:10: `if_neg` has been deprecated: Use `ite_eq_right` instead
warning: OddOrder/Peterfalvi/S08_CoherenceCore.lean:512:60: `if_neg` has been deprecated: Use `ite_eq_right` instead
warning: OddOrder/Peterfalvi/S08_CoherenceCore.lean:525:6: `if_neg` has been deprecated: Use `ite_eq_right` instead
⚠ [3738/3848] Replayed OddOrder.Peterfalvi.S07_CoherenceGalois
warning: OddOrder/Peterfalvi/S07_CoherenceGalois.lean:158:10: `if_pos` has been deprecated: Use `ite_eq_left` instead
warning: OddOrder/Peterfalvi/S07_CoherenceGalois.lean:288:8: `if_pos` has been deprecated: Use `ite_eq_left` instead
warning: OddOrder/Peterfalvi/S07_CoherenceGalois.lean:288:8: `if_pos` has been deprecated: Use `ite_eq_left` instead
warning: OddOrder/Peterfalvi/S07_CoherenceGalois.lean:289:8: `if_neg` has been deprecated: Use `ite_eq_right` instead
warning: OddOrder/Peterfalvi/S07_CoherenceGalois.lean:290:8: `if_neg` has been deprecated: Use `ite_eq_right` instead
warning: OddOrder/Peterfalvi/S07_CoherenceGalois.lean:327:6: `if_neg` has been deprecated: Use `ite_eq_right` instead
warning: OddOrder/Peterfalvi/S07_CoherenceGalois.lean:328:13: `if_true` has been deprecated: Use `ite_true` instead
warning: OddOrder/Peterfalvi/S07_CoherenceGalois.lean:333:8: `if_neg` has been deprecated: Use `ite_eq_right` instead
warning: OddOrder/Peterfalvi/S07_CoherenceGalois.lean:335:10: `if_pos` has been deprecated: Use `ite_eq_left` instead
warning: OddOrder/Peterfalvi/S07_CoherenceGalois.lean:342:10: `if_neg` has been deprecated: Use `ite_eq_right` instead
⚠ [3739/3848] Replayed OddOrder.Peterfalvi.S08_CaseBCoherence.CentralCongruence
warning: OddOrder/Peterfalvi/S08_CaseBCoherence/CentralCongruence.lean:138:6: `if_neg` has been deprecated: Use `ite_eq_right` instead
⚠ [3740/3848] Replayed OddOrder.Peterfalvi.S08_CaseBCoherence
warning: OddOrder/Peterfalvi/S08_CaseBCoherence.lean:140:44: `if_neg` has been deprecated: Use `ite_eq_right` instead
warning: OddOrder/Peterfalvi/S08_CaseBCoherence.lean:140:66: `if_pos` has been deprecated: Use `ite_eq_left` instead
warning: OddOrder/Peterfalvi/S08_CaseBCoherence.lean:331:55: `if_neg` has been deprecated: Use `ite_eq_right` instead
warning: OddOrder/Peterfalvi/S08_CaseBCoherence.lean:335:57: `if_pos` has been deprecated: Use `ite_eq_left` instead
warning: OddOrder/Peterfalvi/S08_CaseBCoherence.lean:343:21: `if_pos` has been deprecated: Use `ite_eq_left` instead
warning: OddOrder/Peterfalvi/S08_CaseBCoherence.lean:344:10: `if_neg` has been deprecated: Use `ite_eq_right` instead
warning: OddOrder/Peterfalvi/S08_CaseBCoherence.lean:367:10: `if_neg` has been deprecated: Use `ite_eq_right` instead
warning: OddOrder/Peterfalvi/S08_CaseBCoherence.lean:367:22: `if_neg` has been deprecated: Use `ite_eq_right` instead
warning: OddOrder/Peterfalvi/S08_CaseBCoherence.lean:380:10: `if_neg` has been deprecated: Use `ite_eq_right` instead
warning: OddOrder/Peterfalvi/S08_CaseBCoherence.lean:380:22: `if_neg` has been deprecated: Use `ite_eq_right` instead
warning: OddOrder/Peterfalvi/S08_CaseBCoherence.lean:408:12: `if_neg` has been deprecated: Use `ite_eq_right` instead
warning: OddOrder/Peterfalvi/S08_CaseBCoherence.lean:408:60: `if_neg` has been deprecated: Use `ite_eq_right` instead
warning: OddOrder/Peterfalvi/S08_CaseBCoherence.lean:409:70: `if_pos` has been deprecated: Use `ite_eq_left` instead
warning: OddOrder/Peterfalvi/S08_CaseBCoherence.lean:414:42: `if_neg` has been deprecated: Use `ite_eq_right` instead
warning: OddOrder/Peterfalvi/S08_CaseBCoherence.lean:493:72: `if_pos` has been deprecated: Use `ite_eq_left` instead
warning: OddOrder/Peterfalvi/S08_CaseBCoherence.lean:499:46: `if_neg` has been deprecated: Use `ite_eq_right` instead
warning: OddOrder/Peterfalvi/S08_CaseBCoherence.lean:607:12: `if_pos` has been deprecated: Use `ite_eq_left` instead
warning: OddOrder/Peterfalvi/S08_CaseBCoherence.lean:607:38: `if_pos` has been deprecated: Use `ite_eq_left` instead
warning: OddOrder/Peterfalvi/S08_CaseBCoherence.lean:608:12: `if_neg` has been deprecated: Use `ite_eq_right` instead
warning: OddOrder/Peterfalvi/S08_CaseBCoherence.lean:608:62: `if_neg` has been deprecated: Use `ite_eq_right` instead
warning: OddOrder/Peterfalvi/S08_CaseBCoherence.lean:612:38: `if_neg` has been deprecated: Use `ite_eq_right` instead
warning: OddOrder/Peterfalvi/S08_CaseBCoherence.lean:613:83: `if_pos` has been deprecated: Use `ite_eq_left` instead
warning: OddOrder/Peterfalvi/S08_CaseBCoherence.lean:614:83: `if_pos` has been deprecated: Use `ite_eq_left` instead
warning: OddOrder/Peterfalvi/S08_CaseBCoherence.lean:762:16: `if_pos` has been deprecated: Use `ite_eq_left` instead
warning: OddOrder/Peterfalvi/S08_CaseBCoherence.lean:762:42: `if_pos` has been deprecated: Use `ite_eq_left` instead
warning: OddOrder/Peterfalvi/S08_CaseBCoherence.lean:763:16: `if_neg` has been deprecated: Use `ite_eq_right` instead
warning: OddOrder/Peterfalvi/S08_CaseBCoherence.lean:763:66: `if_neg` has been deprecated: Use `ite_eq_right` instead
warning: OddOrder/Peterfalvi/S08_CaseBCoherence.lean:767:42: `if_neg` has been deprecated: Use `ite_eq_right` instead
warning: OddOrder/Peterfalvi/S08_CaseBCoherence.lean:768:87: `if_pos` has been deprecated: Use `ite_eq_left` instead
warning: OddOrder/Peterfalvi/S08_CaseBCoherence.lean:769:87: `if_pos` has been deprecated: Use `ite_eq_left` instead
⚠ [3742/3848] Replayed OddOrder.Peterfalvi.S05_NormThree
warning: OddOrder/Peterfalvi/S05_NormThree.lean:81:69: `if_neg` has been deprecated: Use `ite_eq_right` instead
warning: OddOrder/Peterfalvi/S05_NormThree.lean:83:47: `if_pos` has been deprecated: Use `ite_eq_left` instead
warning: OddOrder/Peterfalvi/S05_NormThree.lean:168:26: `if_false` has been deprecated: Use `ite_false` instead
warning: OddOrder/Peterfalvi/S05_NormThree.lean:168:36: `if_true` has been deprecated: Use `ite_true` instead
warning: OddOrder/Peterfalvi/S05_NormThree.lean:211:8: `if_pos` has been deprecated: Use `ite_eq_left` instead
warning: OddOrder/Peterfalvi/S05_NormThree.lean:223:8: `if_neg` has been deprecated: Use `ite_eq_right` instead
warning: OddOrder/Peterfalvi/S05_NormThree.lean:327:34: `if_false` has been deprecated: Use `ite_false` instead
warning: OddOrder/Peterfalvi/S05_NormThree.lean:327:44: `if_true` has been deprecated: Use `ite_true` instead
warning: OddOrder/Peterfalvi/S05_NormThree.lean:366:4: `if_pos` has been deprecated: Use `ite_eq_left` instead
⚠ [3743/3848] Replayed OddOrder.Peterfalvi.S05_NormThreeCharacters
warning: OddOrder/Peterfalvi/S05_NormThreeCharacters.lean:106:63: `if_pos` has been deprecated: Use `ite_eq_left` instead
warning: OddOrder/Peterfalvi/S05_NormThreeCharacters.lean:108:63: `if_neg` has been deprecated: Use `ite_eq_right` instead
warning: OddOrder/Peterfalvi/S05_NormThreeCharacters.lean:136:28: `if_neg` has been deprecated: Use `ite_eq_right` instead
warning: OddOrder/Peterfalvi/S05_NormThreeCharacters.lean:185:13: `if_neg` has been deprecated: Use `ite_eq_right` instead
warning: OddOrder/Peterfalvi/S05_NormThreeCharacters.lean:186:53: `if_neg` has been deprecated: Use `ite_eq_right` instead
warning: OddOrder/Peterfalvi/S05_NormThreeCharacters.lean:188:6: `if_neg` has been deprecated: Use `ite_eq_right` instead
warning: OddOrder/Peterfalvi/S05_NormThreeCharacters.lean:190:15: `if_neg` has been deprecated: Use `ite_eq_right` instead
warning: OddOrder/Peterfalvi/S05_NormThreeCharacters.lean:207:41: `if_pos` has been deprecated: Use `ite_eq_left` instead
warning: OddOrder/Peterfalvi/S05_NormThreeCharacters.lean:207:53: `if_neg` has been deprecated: Use `ite_eq_right` instead
warning: OddOrder/Peterfalvi/S05_NormThreeCharacters.lean:226:6: `if_neg` has been deprecated: Use `ite_eq_right` instead
warning: OddOrder/Peterfalvi/S05_NormThreeCharacters.lean:244:18: `if_pos` has been deprecated: Use `ite_eq_left` instead
warning: OddOrder/Peterfalvi/S05_NormThreeCharacters.lean:246:10: `if_neg` has been deprecated: Use `ite_eq_right` instead
warning: OddOrder/Peterfalvi/S05_NormThreeCharacters.lean:251:18: `if_neg` has been deprecated: Use `ite_eq_right` instead
warning: OddOrder/Peterfalvi/S05_NormThreeCharacters.lean:256:12: `if_pos` has been deprecated: Use `ite_eq_left` instead
warning: OddOrder/Peterfalvi/S05_NormThreeCharacters.lean:256:22: `if_pos` has been deprecated: Use `ite_eq_left` instead
warning: OddOrder/Peterfalvi/S05_NormThreeCharacters.lean:257:12: `if_neg` has been deprecated: Use `ite_eq_right` instead
warning: OddOrder/Peterfalvi/S05_NormThreeCharacters.lean:257:22: `if_neg` has been deprecated: Use `ite_eq_right` instead
warning: OddOrder/Peterfalvi/S05_NormThreeCharacters.lean:273:53: `if_neg` has been deprecated: Use `ite_eq_right` instead
warning: OddOrder/Peterfalvi/S05_NormThreeCharacters.lean:274:4: `if_neg` has been deprecated: Use `ite_eq_right` instead
warning: OddOrder/Peterfalvi/S05_NormThreeCharacters.lean:325:48: `if_pos` has been deprecated: Use `ite_eq_left` instead
warning: OddOrder/Peterfalvi/S05_NormThreeCharacters.lean:326:6: `if_neg` has been deprecated: Use `ite_eq_right` instead
warning: OddOrder/Peterfalvi/S05_NormThreeCharacters.lean:343:37: `if_pos` has been deprecated: Use `ite_eq_left` instead
warning: OddOrder/Peterfalvi/S05_NormThreeCharacters.lean:343:49: `if_neg` has been deprecated: Use `ite_eq_right` instead
warning: OddOrder/Peterfalvi/S05_NormThreeCharacters.lean:346:38: `if_neg` has been deprecated: Use `ite_eq_right` instead
warning: OddOrder/Peterfalvi/S05_NormThreeCharacters.lean:346:52: `if_pos` has been deprecated: Use `ite_eq_left` instead
warning: OddOrder/Peterfalvi/S05_NormThreeCharacters.lean:389:51: `if_neg` has been deprecated: Use `ite_eq_right` instead
⚠ [3744/3848] Replayed OddOrder.Peterfalvi.S05_SignedTripleGrid
warning: OddOrder/Peterfalvi/S05_SignedTripleGrid.lean:146:6: `if_neg` has been deprecated: Use `ite_eq_right` instead
warning: OddOrder/Peterfalvi/S05_SignedTripleGrid.lean:147:6: `if_neg` has been deprecated: Use `ite_eq_right` instead
warning: OddOrder/Peterfalvi/S05_SignedTripleGrid.lean:148:6: `if_neg` has been deprecated: Use `ite_eq_right` instead
warning: OddOrder/Peterfalvi/S05_SignedTripleGrid.lean:222:4: `if_pos` has been deprecated: Use `ite_eq_left` instead
warning: OddOrder/Peterfalvi/S05_SignedTripleGrid.lean:222:16: `if_neg` has been deprecated: Use `ite_eq_right` instead
warning: OddOrder/Peterfalvi/S05_SignedTripleGrid.lean:233:10: `if_pos` has been deprecated: Use `ite_eq_left` instead
warning: OddOrder/Peterfalvi/S05_SignedTripleGrid.lean:233:20: `if_neg` has been deprecated: Use `ite_eq_right` instead
warning: OddOrder/Peterfalvi/S05_SignedTripleGrid.lean:234:10: `if_neg` has been deprecated: Use `ite_eq_right` instead
warning: OddOrder/Peterfalvi/S05_SignedTripleGrid.lean:237:10: `if_pos` has been deprecated: Use `ite_eq_left` instead
warning: OddOrder/Peterfalvi/S05_SignedTripleGrid.lean:237:20: `if_neg` has been deprecated: Use `ite_eq_right` instead
warning: OddOrder/Peterfalvi/S05_SignedTripleGrid.lean:238:10: `if_neg` has been deprecated: Use `ite_eq_right` instead
warning: OddOrder/Peterfalvi/S05_SignedTripleGrid.lean:241:22: `if_pos` has been deprecated: Use `ite_eq_left` instead
warning: OddOrder/Peterfalvi/S05_SignedTripleGrid.lean:242:22: `if_pos` has been deprecated: Use `ite_eq_left` instead
warning: OddOrder/Peterfalvi/S05_SignedTripleGrid.lean:244:29: `if_pos` has been deprecated: Use `ite_eq_left` instead
warning: OddOrder/Peterfalvi/S05_SignedTripleGrid.lean:244:44: `if_pos` has been deprecated: Use `ite_eq_left` instead
warning: OddOrder/Peterfalvi/S05_SignedTripleGrid.lean:245:38: `if_neg` has been deprecated: Use `ite_eq_right` instead
warning: OddOrder/Peterfalvi/S05_SignedTripleGrid.lean:245:54: `if_neg` has been deprecated: Use `ite_eq_right` instead
warning: OddOrder/Peterfalvi/S05_SignedTripleGrid.lean:259:4: `if_neg` has been deprecated: Use `ite_eq_right` instead
warning: OddOrder/Peterfalvi/S05_SignedTripleGrid.lean:259:15: `if_neg` has been deprecated: Use `ite_eq_right` instead
warning: OddOrder/Peterfalvi/S05_SignedTripleGrid.lean:259:26: `if_neg` has been deprecated: Use `ite_eq_right` instead
warning: OddOrder/Peterfalvi/S05_SignedTripleGrid.lean:261:8: `if_pos` has been deprecated: Use `ite_eq_left` instead
warning: OddOrder/Peterfalvi/S05_SignedTripleGrid.lean:262:8: `if_pos` has been deprecated: Use `ite_eq_left` instead
warning: OddOrder/Peterfalvi/S05_SignedTripleGrid.lean:263:8: `if_pos` has been deprecated: Use `ite_eq_left` instead
warning: OddOrder/Peterfalvi/S05_SignedTripleGrid.lean:280:4: `if_neg` has been deprecated: Use `ite_eq_right` instead
warning: OddOrder/Peterfalvi/S05_SignedTripleGrid.lean:280:15: `if_neg` has been deprecated: Use `ite_eq_right` instead
warning: OddOrder/Peterfalvi/S05_SignedTripleGrid.lean:280:26: `if_pos` has been deprecated: Use `ite_eq_left` instead
warning: OddOrder/Peterfalvi/S05_SignedTripleGrid.lean:282:6: `if_neg` has been deprecated: Use `ite_eq_right` instead
warning: OddOrder/Peterfalvi/S05_SignedTripleGrid.lean:297:4: `if_neg` has been deprecated: Use `ite_eq_right` instead
warning: OddOrder/Peterfalvi/S05_SignedTripleGrid.lean:297:15: `if_neg` has been deprecated: Use `ite_eq_right` instead
warning: OddOrder/Peterfalvi/S05_SignedTripleGrid.lean:297:26: `if_neg` has been deprecated: Use `ite_eq_right` instead
warning: OddOrder/Peterfalvi/S05_SignedTripleGrid.lean:297:38: `if_neg` has been deprecated: Use `ite_eq_right` instead
warning: OddOrder/Peterfalvi/S05_SignedTripleGrid.lean:299:18: `if_pos` has been deprecated: Use `ite_eq_left` instead
warning: OddOrder/Peterfalvi/S05_SignedTripleGrid.lean:299:29: `if_neg` has been deprecated: Use `ite_eq_right` instead
warning: OddOrder/Peterfalvi/S05_SignedTripleGrid.lean:301:8: `if_neg` has been deprecated: Use `ite_eq_right` instead
warning: OddOrder/Peterfalvi/S05_SignedTripleGrid.lean:301:55: `if_pos` has been deprecated: Use `ite_eq_left` instead
warning: OddOrder/Peterfalvi/S05_SignedTripleGrid.lean:312:43: `if_neg` has been deprecated: Use `ite_eq_right` instead
warning: OddOrder/Peterfalvi/S05_SignedTripleGrid.lean:312:54: `if_neg` has been deprecated: Use `ite_eq_right` instead
warning: OddOrder/Peterfalvi/S05_SignedTripleGrid.lean:313:20: `if_neg` has been deprecated: Use `ite_eq_right` instead
warning: OddOrder/Peterfalvi/S05_SignedTripleGrid.lean:605:8: `if_neg` has been deprecated: Use `ite_eq_right` instead
warning: OddOrder/Peterfalvi/S05_SignedTripleGrid.lean:605:23: `if_neg` has been deprecated: Use `ite_eq_right` instead
warning: OddOrder/Peterfalvi/S05_SignedTripleGrid.lean:605:39: `if_pos` has been deprecated: Use `ite_eq_left` instead
warning: OddOrder/Peterfalvi/S05_SignedTripleGrid.lean:606:23: `if_neg` has been deprecated: Use `ite_eq_right` instead
warning: OddOrder/Peterfalvi/S05_SignedTripleGrid.lean:628:8: `if_neg` has been deprecated: Use `ite_eq_right` instead
warning: OddOrder/Peterfalvi/S05_SignedTripleGrid.lean:628:23: `if_pos` has been deprecated: Use `ite_eq_left` instead
warning: OddOrder/Peterfalvi/S05_SignedTripleGrid.lean:628:35: `if_neg` has been deprecated: Use `ite_eq_right` instead
warning: OddOrder/Peterfalvi/S05_SignedTripleGrid.lean:628:53: `if_neg` has been deprecated: Use `ite_eq_right` instead
warning: OddOrder/Peterfalvi/S05_SignedTripleGrid.lean:629:23: `if_neg` has been deprecated: Use `ite_eq_right` instead
warning: OddOrder/Peterfalvi/S05_SignedTripleGrid.lean:636:8: `if_neg` has been deprecated: Use `ite_eq_right` instead
warning: OddOrder/Peterfalvi/S05_SignedTripleGrid.lean:636:23: `if_neg` has been deprecated: Use `ite_eq_right` instead
warning: OddOrder/Peterfalvi/S05_SignedTripleGrid.lean:636:73: `if_neg` has been deprecated: Use `ite_eq_right` instead
warning: OddOrder/Peterfalvi/S05_SignedTripleGrid.lean:637:8: `if_pos` has been deprecated: Use `ite_eq_left` instead
warning: OddOrder/Peterfalvi/S05_SignedTripleGrid.lean:638:23: `if_neg` has been deprecated: Use `ite_eq_right` instead
warning: OddOrder/Peterfalvi/S05_SignedTripleGrid.lean:651:4: `if_neg` has been deprecated: Use `ite_eq_right` instead
warning: OddOrder/Peterfalvi/S05_SignedTripleGrid.lean:651:19: `if_neg` has been deprecated: Use `ite_eq_right` instead
warning: OddOrder/Peterfalvi/S05_SignedTripleGrid.lean:651:35: `if_pos` has been deprecated: Use `ite_eq_left` instead
warning: OddOrder/Peterfalvi/S05_SignedTripleGrid.lean:652:51: `if_neg` has been deprecated: Use `ite_eq_right` instead
warning: OddOrder/Peterfalvi/S05_SignedTripleGrid.lean:1339:41: `if_pos` has been deprecated: Use `ite_eq_left` instead
warning: OddOrder/Peterfalvi/S05_SignedTripleGrid.lean:1340:30: `if_neg` has been deprecated: Use `ite_eq_right` instead
⚠ [3745/3848] Replayed OddOrder.Peterfalvi.S05_Isometry32
warning: OddOrder/Peterfalvi/S05_Isometry32.lean:61:10: `if_pos` has been deprecated: Use `ite_eq_left` instead
warning: OddOrder/Peterfalvi/S05_Isometry32.lean:61:40: `if_pos` has been deprecated: Use `ite_eq_left` instead
warning: OddOrder/Peterfalvi/S05_Isometry32.lean:62:10: `if_neg` has been deprecated: Use `ite_eq_right` instead
warning: OddOrder/Peterfalvi/S05_Isometry32.lean:62:54: `if_neg` has been deprecated: Use `ite_eq_right` instead
warning: OddOrder/Peterfalvi/S05_Isometry32.lean:67:59: `if_neg` has been deprecated: Use `ite_eq_right` instead
warning: OddOrder/Peterfalvi/S05_Isometry32.lean:75:10: `if_pos` has been deprecated: Use `ite_eq_left` instead
warning: OddOrder/Peterfalvi/S05_Isometry32.lean:75:21: `if_pos` has been deprecated: Use `ite_eq_left` instead
warning: OddOrder/Peterfalvi/S05_Isometry32.lean:76:10: `if_neg` has been deprecated: Use `ite_eq_right` instead
warning: OddOrder/Peterfalvi/S05_Isometry32.lean:76:21: `if_neg` has been deprecated: Use `ite_eq_right` instead
warning: OddOrder/Peterfalvi/S05_Isometry32.lean:83:10: `if_pos` has been deprecated: Use `ite_eq_left` instead
warning: OddOrder/Peterfalvi/S05_Isometry32.lean:84:10: `if_neg` has been deprecated: Use `ite_eq_right` instead
warning: OddOrder/Peterfalvi/S05_Isometry32.lean:85:6: `if_pos` has been deprecated: Use `ite_eq_left` instead
warning: OddOrder/Peterfalvi/S05_Isometry32.lean:283:8: `if_pos` has been deprecated: Use `ite_eq_left` instead
warning: OddOrder/Peterfalvi/S05_Isometry32.lean:283:19: `if_neg` has been deprecated: Use `ite_eq_right` instead
warning: OddOrder/Peterfalvi/S05_Isometry32.lean:283:30: `if_neg` has been deprecated: Use `ite_eq_right` instead
warning: OddOrder/Peterfalvi/S05_Isometry32.lean:284:8: `if_neg` has been deprecated: Use `ite_eq_right` instead
warning: OddOrder/Peterfalvi/S05_Isometry32.lean:284:19: `if_pos` has been deprecated: Use `ite_eq_left` instead
warning: OddOrder/Peterfalvi/S05_Isometry32.lean:284:30: `if_neg` has been deprecated: Use `ite_eq_right` instead
warning: OddOrder/Peterfalvi/S05_Isometry32.lean:318:47: `if_neg` has been deprecated: Use `ite_eq_right` instead
warning: OddOrder/Peterfalvi/S05_Isometry32.lean:318:59: `if_neg` has been deprecated: Use `ite_eq_right` instead
warning: OddOrder/Peterfalvi/S05_Isometry32.lean:318:71: `if_neg` has been deprecated: Use `ite_eq_right` instead
warning: OddOrder/Peterfalvi/S05_Isometry32.lean:595:22: `dif_pos` has been deprecated: Use `dite_eq_left` instead
warning: OddOrder/Peterfalvi/S05_Isometry32.lean:597:22: `dif_neg` has been deprecated: Use `dite_eq_right` instead
warning: OddOrder/Peterfalvi/S05_Isometry32.lean:597:34: `dif_pos` has been deprecated: Use `dite_eq_left` instead
warning: OddOrder/Peterfalvi/S05_Isometry32.lean:599:22: `dif_pos` has been deprecated: Use `dite_eq_left` instead
warning: OddOrder/Peterfalvi/S05_Isometry32.lean:599:31: `dif_neg` has been deprecated: Use `dite_eq_right` instead
warning: OddOrder/Peterfalvi/S05_Isometry32.lean:601:22: `dif_neg` has been deprecated: Use `dite_eq_right` instead
warning: OddOrder/Peterfalvi/S05_Isometry32.lean:601:34: `dif_neg` has been deprecated: Use `dite_eq_right` instead
warning: OddOrder/Peterfalvi/S05_Isometry32.lean:643:37: `if_neg` has been deprecated: Use `ite_eq_right` instead
warning: OddOrder/Peterfalvi/S05_Isometry32.lean:648:37: `if_neg` has been deprecated: Use `ite_eq_right` instead
warning: OddOrder/Peterfalvi/S05_Isometry32.lean:651:10: `if_neg` has been deprecated: Use `ite_eq_right` instead
warning: OddOrder/Peterfalvi/S05_Isometry32.lean:656:37: `if_neg` has been deprecated: Use `ite_eq_right` instead
warning: OddOrder/Peterfalvi/S05_Isometry32.lean:659:37: `if_neg` has been deprecated: Use `ite_eq_right` instead
warning: OddOrder/Peterfalvi/S05_Isometry32.lean:664:10: `if_neg` has been deprecated: Use `ite_eq_right` instead
warning: OddOrder/Peterfalvi/S05_Isometry32.lean:669:10: `if_neg` has been deprecated: Use `ite_eq_right` instead
warning: OddOrder/Peterfalvi/S05_Isometry32.lean:672:10: `if_neg` has been deprecated: Use `ite_eq_right` instead
warning: OddOrder/Peterfalvi/S05_Isometry32.lean:673:66: `if_neg` has been deprecated: Use `ite_eq_right` instead
warning: OddOrder/Peterfalvi/S05_Isometry32.lean:730:33: `if_pos` has been deprecated: Use `ite_eq_left` instead
warning: OddOrder/Peterfalvi/S05_Isometry32.lean:730:79: `if_neg` has been deprecated: Use `ite_eq_right` instead
warning: OddOrder/Peterfalvi/S05_Isometry32.lean:771:33: `if_pos` has been deprecated: Use `ite_eq_left` instead
warning: OddOrder/Peterfalvi/S05_Isometry32.lean:771:79: `if_neg` has been deprecated: Use `ite_eq_right` instead
warning: OddOrder/Peterfalvi/S05_Isometry32.lean:844:55: `if_pos` has been deprecated: Use `ite_eq_left` instead
warning: OddOrder/Peterfalvi/S05_Isometry32.lean:846:6: `if_neg` has been deprecated: Use `ite_eq_right` instead
⚠ [3746/3848] Replayed OddOrder.Peterfalvi.S05_SigmaIsometry
warning: OddOrder/Peterfalvi/S05_SigmaIsometry.lean:77:8: `if_pos` has been deprecated: Use `ite_eq_left` instead
warning: OddOrder/Peterfalvi/S05_SigmaIsometry.lean:77:18: `if_pos` has been deprecated: Use `ite_eq_left` instead
warning: OddOrder/Peterfalvi/S05_SigmaIsometry.lean:78:8: `if_neg` has been deprecated: Use `ite_eq_right` instead
warning: OddOrder/Peterfalvi/S05_SigmaIsometry.lean:78:18: `if_neg` has been deprecated: Use `ite_eq_right` instead
warning: OddOrder/Peterfalvi/S05_SigmaIsometry.lean:619:44: `if_pos` has been deprecated: Use `ite_eq_left` instead
warning: OddOrder/Peterfalvi/S05_SigmaIsometry.lean:628:43: `if_neg` has been deprecated: Use `ite_eq_right` instead
warning: OddOrder/Peterfalvi/S05_SigmaIsometry.lean:645:45: `if_pos` has been deprecated: Use `ite_eq_left` instead
warning: OddOrder/Peterfalvi/S05_SigmaIsometry.lean:650:12: `if_neg` has been deprecated: Use `ite_eq_right` instead
warning: OddOrder/Peterfalvi/S05_SigmaIsometry.lean:681:9: `if_pos` has been deprecated: Use `ite_eq_left` instead
warning: OddOrder/Peterfalvi/S05_SigmaIsometry.lean:684:9: `if_pos` has been deprecated: Use `ite_eq_left` instead
warning: OddOrder/Peterfalvi/S05_SigmaIsometry.lean:760:15: `if_pos` has been deprecated: Use `ite_eq_left` instead
warning: OddOrder/Peterfalvi/S05_SigmaIsometry.lean:803:46: `if_pos` has been deprecated: Use `ite_eq_left` instead
warning: OddOrder/Peterfalvi/S05_SigmaIsometry.lean:821:10: `if_pos` has been deprecated: Use `ite_eq_left` instead
warning: OddOrder/Peterfalvi/S05_SigmaIsometry.lean:821:22: `if_neg` has been deprecated: Use `ite_eq_right` instead
warning: OddOrder/Peterfalvi/S05_SigmaIsometry.lean:825:10: `if_neg` has been deprecated: Use `ite_eq_right` instead
warning: OddOrder/Peterfalvi/S05_SigmaIsometry.lean:825:22: `if_pos` has been deprecated: Use `ite_eq_left` instead
warning: OddOrder/Peterfalvi/S05_SigmaIsometry.lean:828:10: `if_neg` has been deprecated: Use `ite_eq_right` instead
warning: OddOrder/Peterfalvi/S05_SigmaIsometry.lean:828:22: `if_neg` has been deprecated: Use `ite_eq_right` instead
warning: OddOrder/Peterfalvi/S05_SigmaIsometry.lean:870:10: `if_neg` has been deprecated: Use `ite_eq_right` instead
warning: OddOrder/Peterfalvi/S05_SigmaIsometry.lean:882:69: `if_pos` has been deprecated: Use `ite_eq_left` instead
warning: OddOrder/Peterfalvi/S05_SigmaIsometry.lean:921:69: `if_pos` has been deprecated: Use `ite_eq_left` instead
warning: OddOrder/Peterfalvi/S05_SigmaIsometry.lean:929:41: `if_pos` has been deprecated: Use `ite_eq_left` instead
⚠ [3747/3848] Replayed OddOrder.Peterfalvi.S06_CertainTypeCharacters
warning: OddOrder/Peterfalvi/S06_CertainTypeCharacters.lean:635:47: `if_pos` has been deprecated: Use `ite_eq_left` instead
warning: OddOrder/Peterfalvi/S06_CertainTypeCharacters.lean:640:36: `if_neg` has been deprecated: Use `ite_eq_right` instead
warning: OddOrder/Peterfalvi/S06_CertainTypeCharacters.lean:680:39: `if_pos` has been deprecated: Use `ite_eq_left` instead
warning: OddOrder/Peterfalvi/S06_CertainTypeCharacters.lean:908:8: `if_neg` has been deprecated: Use `ite_eq_right` instead
warning: OddOrder/Peterfalvi/S06_CertainTypeCharacters.lean:909:6: `if_neg` has been deprecated: Use `ite_eq_right` instead
warning: OddOrder/Peterfalvi/S06_CertainTypeCharacters.lean:910:6: `if_neg` has been deprecated: Use `ite_eq_right` instead
warning: OddOrder/Peterfalvi/S06_CertainTypeCharacters.lean:912:6: `if_neg` has been deprecated: Use `ite_eq_right` instead
warning: OddOrder/Peterfalvi/S06_CertainTypeCharacters.lean:999:34: `if_pos` has been deprecated: Use `ite_eq_left` instead
warning: OddOrder/Peterfalvi/S06_CertainTypeCharacters.lean:1048:4: `if_neg` has been deprecated: Use `ite_eq_right` instead
warning: OddOrder/Peterfalvi/S06_CertainTypeCharacters.lean:1048:42: `if_neg` has been deprecated: Use `ite_eq_right` instead
warning: OddOrder/Peterfalvi/S06_CertainTypeCharacters.lean:1176:48: `if_pos` has been deprecated: Use `ite_eq_left` instead
warning: OddOrder/Peterfalvi/S06_CertainTypeCharacters.lean:1184:10: `if_neg` has been deprecated: Use `ite_eq_right` instead
warning: OddOrder/Peterfalvi/S06_CertainTypeCharacters.lean:1190:10: `if_pos` has been deprecated: Use `ite_eq_left` instead
warning: OddOrder/Peterfalvi/S06_CertainTypeCharacters.lean:1191:10: `if_neg` has been deprecated: Use `ite_eq_right` instead
warning: OddOrder/Peterfalvi/S06_CertainTypeCharacters.lean:1247:38: `if_pos` has been deprecated: Use `ite_eq_left` instead
⚠ [3748/3848] Replayed OddOrder.Peterfalvi.S06_CertainTypeClifford
warning: OddOrder/Peterfalvi/S06_CertainTypeClifford.lean:850:6: `if_pos` has been deprecated: Use `ite_eq_left` instead
warning: OddOrder/Peterfalvi/S06_CertainTypeClifford.lean:854:43: `if_neg` has been deprecated: Use `ite_eq_right` instead
warning: OddOrder/Peterfalvi/S06_CertainTypeClifford.lean:1000:6: `if_neg` has been deprecated: Use `ite_eq_right` instead
warning: OddOrder/Peterfalvi/S06_CertainTypeClifford.lean:1001:46: `if_pos` has been deprecated: Use `ite_eq_left` instead
warning: OddOrder/Peterfalvi/S06_CertainTypeClifford.lean:1033:43: `if_neg` has been deprecated: Use `ite_eq_right` instead
warning: OddOrder/Peterfalvi/S06_CertainTypeClifford.lean:1044:10: `if_neg` has been deprecated: Use `ite_eq_right` instead
warning: OddOrder/Peterfalvi/S06_CertainTypeClifford.lean:1080:59: `if_pos` has been deprecated: Use `ite_eq_left` instead
warning: OddOrder/Peterfalvi/S06_CertainTypeClifford.lean:1088:43: `if_neg` has been deprecated: Use `ite_eq_right` instead
⚠ [3754/3848] Replayed OddOrder.Peterfalvi.S05_GridTrichotomy
warning: OddOrder/Peterfalvi/S05_GridTrichotomy.lean:290:24: `if_pos` has been deprecated: Use `ite_eq_left` instead
warning: OddOrder/Peterfalvi/S05_GridTrichotomy.lean:290:36: `if_neg` has been deprecated: Use `ite_eq_right` instead
warning: OddOrder/Peterfalvi/S05_GridTrichotomy.lean:294:24: `if_neg` has been deprecated: Use `ite_eq_right` instead
warning: OddOrder/Peterfalvi/S05_GridTrichotomy.lean:294:36: `if_pos` has been deprecated: Use `ite_eq_left` instead
warning: OddOrder/Peterfalvi/S05_GridTrichotomy.lean:311:28: `if_neg` has been deprecated: Use `ite_eq_right` instead
warning: OddOrder/Peterfalvi/S05_GridTrichotomy.lean:311:40: `if_pos` has been deprecated: Use `ite_eq_left` instead
warning: OddOrder/Peterfalvi/S05_GridTrichotomy.lean:316:28: `if_pos` has been deprecated: Use `ite_eq_left` instead
warning: OddOrder/Peterfalvi/S05_GridTrichotomy.lean:316:40: `if_neg` has been deprecated: Use `ite_eq_right` instead
warning: OddOrder/Peterfalvi/S05_GridTrichotomy.lean:322:14: `if_neg` has been deprecated: Use `ite_eq_right` instead
warning: OddOrder/Peterfalvi/S05_GridTrichotomy.lean:323:8: `if_neg` has been deprecated: Use `ite_eq_right` instead
warning: OddOrder/Peterfalvi/S05_GridTrichotomy.lean:328:14: `if_neg` has been deprecated: Use `ite_eq_right` instead
warning: OddOrder/Peterfalvi/S05_GridTrichotomy.lean:329:8: `if_neg` has been deprecated: Use `ite_eq_right` instead
⚠ [3755/3848] Replayed OddOrder.Peterfalvi.S06_CertainTypeIsometry
warning: OddOrder/Peterfalvi/S06_CertainTypeIsometry.lean:465:74: `if_pos` has been deprecated: Use `ite_eq_left` instead
warning: OddOrder/Peterfalvi/S06_CertainTypeIsometry.lean:465:86: `if_pos` has been deprecated: Use `ite_eq_left` instead
warning: OddOrder/Peterfalvi/S06_CertainTypeIsometry.lean:466:4: `if_neg` has been deprecated: Use `ite_eq_right` instead
warning: OddOrder/Peterfalvi/S06_CertainTypeIsometry.lean:466:42: `if_neg` has been deprecated: Use `ite_eq_right` instead
warning: OddOrder/Peterfalvi/S06_CertainTypeIsometry.lean:610:27: `if_pos` has been deprecated: Use `ite_eq_left` instead
warning: OddOrder/Peterfalvi/S06_CertainTypeIsometry.lean:610:39: `if_neg` has been deprecated: Use `ite_eq_right` instead
warning: OddOrder/Peterfalvi/S06_CertainTypeIsometry.lean:615:27: `if_neg` has been deprecated: Use `ite_eq_right` instead
warning: OddOrder/Peterfalvi/S06_CertainTypeIsometry.lean:615:40: `if_pos` has been deprecated: Use `ite_eq_left` instead
warning: OddOrder/Peterfalvi/S06_CertainTypeIsometry.lean:621:86: `if_pos` has been deprecated: Use `ite_eq_left` instead
warning: OddOrder/Peterfalvi/S06_CertainTypeIsometry.lean:623:86: `if_pos` has been deprecated: Use `ite_eq_left` instead
warning: OddOrder/Peterfalvi/S06_CertainTypeIsometry.lean:626:6: `if_neg` has been deprecated: Use `ite_eq_right` instead
warning: OddOrder/Peterfalvi/S06_CertainTypeIsometry.lean:629:6: `if_neg` has been deprecated: Use `ite_eq_right` instead
warning: OddOrder/Peterfalvi/S06_CertainTypeIsometry.lean:716:38: `if_neg` has been deprecated: Use `ite_eq_right` instead
warning: OddOrder/Peterfalvi/S06_CertainTypeIsometry.lean:716:65: `if_neg` has been deprecated: Use `ite_eq_right` instead
warning: OddOrder/Peterfalvi/S06_CertainTypeIsometry.lean:939:6: `if_pos` has been deprecated: Use `ite_eq_left` instead
warning: OddOrder/Peterfalvi/S06_CertainTypeIsometry.lean:941:6: `if_neg` has been deprecated: Use `ite_eq_right` instead
warning: OddOrder/Peterfalvi/S06_CertainTypeIsometry.lean:956:8: `if_pos` has been deprecated: Use `ite_eq_left` instead
warning: OddOrder/Peterfalvi/S06_CertainTypeIsometry.lean:961:60: `if_pos` has been deprecated: Use `ite_eq_left` instead
warning: OddOrder/Peterfalvi/S06_CertainTypeIsometry.lean:964:8: `if_neg` has been deprecated: Use `ite_eq_right` instead
warning: OddOrder/Peterfalvi/S06_CertainTypeIsometry.lean:966:38: `if_neg` has been deprecated: Use `ite_eq_right` instead
warning: OddOrder/Peterfalvi/S06_CertainTypeIsometry.lean:984:8: `if_pos` has been deprecated: Use `ite_eq_left` instead
warning: OddOrder/Peterfalvi/S06_CertainTypeIsometry.lean:991:60: `if_pos` has been deprecated: Use `ite_eq_left` instead
warning: OddOrder/Peterfalvi/S06_CertainTypeIsometry.lean:994:8: `if_neg` has been deprecated: Use `ite_eq_right` instead
warning: OddOrder/Peterfalvi/S06_CertainTypeIsometry.lean:996:38: `if_neg` has been deprecated: Use `ite_eq_right` instead
⚠ [3756/3848] Replayed OddOrder.Peterfalvi.S06_CertainTypeConjugation
warning: OddOrder/Peterfalvi/S06_CertainTypeConjugation.lean:245:79: `if_neg` has been deprecated: Use `ite_eq_right` instead
warning: OddOrder/Peterfalvi/S06_CertainTypeConjugation.lean:317:6: `if_neg` has been deprecated: Use `ite_eq_right` instead
warning: OddOrder/Peterfalvi/S06_CertainTypeConjugation.lean:318:4: `if_pos` has been deprecated: Use `ite_eq_left` instead
⚠ [3757/3848] Replayed OddOrder.Peterfalvi.S06_CertainTypeCoherence
warning: OddOrder/Peterfalvi/S06_CertainTypeCoherence.lean:88:33: `if_pos` has been deprecated: Use `ite_eq_left` instead
warning: OddOrder/Peterfalvi/S06_CertainTypeCoherence.lean:105:35: `if_neg` has been deprecated: Use `ite_eq_right` instead
warning: OddOrder/Peterfalvi/S06_CertainTypeCoherence.lean:106:38: `if_pos` has been deprecated: Use `ite_eq_left` instead
warning: OddOrder/Peterfalvi/S06_CertainTypeCoherence.lean:149:6: `dif_pos` has been deprecated: Use `dite_eq_left` instead
warning: OddOrder/Peterfalvi/S06_CertainTypeCoherence.lean:245:8: `if_pos` has been deprecated: Use `ite_eq_left` instead
warning: OddOrder/Peterfalvi/S06_CertainTypeCoherence.lean:247:8: `if_neg` has been deprecated: Use `ite_eq_right` instead
warning: OddOrder/Peterfalvi/S06_CertainTypeCoherence.lean:614:8: `if_neg` has been deprecated: Use `ite_eq_right` instead
warning: OddOrder/Peterfalvi/S06_CertainTypeCoherence.lean:616:8: `if_neg` has been deprecated: Use `ite_eq_right` instead
warning: OddOrder/Peterfalvi/S06_CertainTypeCoherence.lean:630:6: `if_neg` has been deprecated: Use `ite_eq_right` instead
warning: OddOrder/Peterfalvi/S06_CertainTypeCoherence.lean:630:56: `if_pos` has been deprecated: Use `ite_eq_left` instead
warning: OddOrder/Peterfalvi/S06_CertainTypeCoherence.lean:718:10: `if_neg` has been deprecated: Use `ite_eq_right` instead
warning: OddOrder/Peterfalvi/S06_CertainTypeCoherence.lean:718:22: `if_neg` has been deprecated: Use `ite_eq_right` instead
warning: OddOrder/Peterfalvi/S06_CertainTypeCoherence.lean:760:8: `if_neg` has been deprecated: Use `ite_eq_right` instead
warning: OddOrder/Peterfalvi/S06_CertainTypeCoherence.lean:761:8: `if_neg` has been deprecated: Use `ite_eq_right` instead
warning: OddOrder/Peterfalvi/S06_CertainTypeCoherence.lean:762:8: `if_neg` has been deprecated: Use `ite_eq_right` instead
warning: OddOrder/Peterfalvi/S06_CertainTypeCoherence.lean:766:8: `if_neg` has been deprecated: Use `ite_eq_right` instead
warning: OddOrder/Peterfalvi/S06_CertainTypeCoherence.lean:807:6: `if_neg` has been deprecated: Use `ite_eq_right` instead
warning: OddOrder/Peterfalvi/S06_CertainTypeCoherence.lean:865:6: `if_neg` has been deprecated: Use `ite_eq_right` instead
warning: OddOrder/Peterfalvi/S06_CertainTypeCoherence.lean:926:6: `if_neg` has been deprecated: Use `ite_eq_right` instead
⚠ [3758/3848] Replayed OddOrder.Peterfalvi.S08_CaseBTransport
warning: OddOrder/Peterfalvi/S08_CaseBTransport.lean:101:28: `if_pos` has been deprecated: Use `ite_eq_left` instead
warning: OddOrder/Peterfalvi/S08_CaseBTransport.lean:107:46: `if_neg` has been deprecated: Use `ite_eq_right` instead
⚠ [3759/3848] Replayed OddOrder.Peterfalvi.S08_CaseBCoherence2.ConstituentPinning
warning: OddOrder/Peterfalvi/S08_CaseBCoherence2/ConstituentPinning.lean:81:43: `if_pos` has been deprecated: Use `ite_eq_left` instead
warning: OddOrder/Peterfalvi/S08_CaseBCoherence2/ConstituentPinning.lean:83:43: `if_neg` has been deprecated: Use `ite_eq_right` instead
warning: OddOrder/Peterfalvi/S08_CaseBCoherence2/ConstituentPinning.lean:795:42: `if_pos` has been deprecated: Use `ite_eq_left` instead
warning: OddOrder/Peterfalvi/S08_CaseBCoherence2/ConstituentPinning.lean:871:58: `if_pos` has been deprecated: Use `ite_eq_left` instead
warning: OddOrder/Peterfalvi/S08_CaseBCoherence2/ConstituentPinning.lean:873:60: `if_pos` has been deprecated: Use `ite_eq_left` instead
warning: OddOrder/Peterfalvi/S08_CaseBCoherence2/ConstituentPinning.lean:909:8: `if_neg` has been deprecated: Use `ite_eq_right` instead
warning: OddOrder/Peterfalvi/S08_CaseBCoherence2/ConstituentPinning.lean:1068:8: `if_neg` has been deprecated: Use `ite_eq_right` instead
warning: OddOrder/Peterfalvi/S08_CaseBCoherence2/ConstituentPinning.lean:1113:9: `if_pos` has been deprecated: Use `ite_eq_left` instead
⚠ [3760/3848] Replayed OddOrder.Peterfalvi.S08_CaseBCoherence2
warning: OddOrder/Peterfalvi/S08_CaseBCoherence2.lean:372:6: `if_neg` has been deprecated: Use `ite_eq_right` instead
warning: OddOrder/Peterfalvi/S08_CaseBCoherence2.lean:453:9: `if_pos` has been deprecated: Use `ite_eq_left` instead
warning: OddOrder/Peterfalvi/S08_CaseBCoherence2.lean:565:45: `if_neg` has been deprecated: Use `ite_eq_right` instead
warning: OddOrder/Peterfalvi/S08_CaseBCoherence2.lean:567:45: `if_pos` has been deprecated: Use `ite_eq_left` instead
warning: OddOrder/Peterfalvi/S08_CaseBCoherence2.lean:719:9: `if_pos` has been deprecated: Use `ite_eq_left` instead
⚠ [3761/3848] Replayed OddOrder.Peterfalvi.S08_CaseBAssembly.BranchBundles
warning: OddOrder/Peterfalvi/S08_CaseBAssembly/BranchBundles.lean:248:6: `if_neg` has been deprecated: Use `ite_eq_right` instead
warning: OddOrder/Peterfalvi/S08_CaseBAssembly/BranchBundles.lean:393:8: `if_pos` has been deprecated: Use `ite_eq_left` instead
warning: OddOrder/Peterfalvi/S08_CaseBAssembly/BranchBundles.lean:396:8: `if_neg` has been deprecated: Use `ite_eq_right` instead
warning: OddOrder/Peterfalvi/S08_CaseBAssembly/BranchBundles.lean:622:6: `if_neg` has been deprecated: Use `ite_eq_right` instead
warning: OddOrder/Peterfalvi/S08_CaseBAssembly/BranchBundles.lean:634:6: `if_neg` has been deprecated: Use `ite_eq_right` instead
warning: OddOrder/Peterfalvi/S08_CaseBAssembly/BranchBundles.lean:676:6: `if_neg` has been deprecated: Use `ite_eq_right` instead
warning: OddOrder/Peterfalvi/S08_CaseBAssembly/BranchBundles.lean:766:78: `if_neg` has been deprecated: Use `ite_eq_right` instead
⚠ [3762/3848] Replayed OddOrder.Peterfalvi.S08_CaseBAssembly
warning: OddOrder/Peterfalvi/S08_CaseBAssembly.lean:711:8: `if_neg` has been deprecated: Use `ite_eq_right` instead
warning: OddOrder/Peterfalvi/S08_CaseBAssembly.lean:762:9: `if_pos` has been deprecated: Use `ite_eq_left` instead
warning: OddOrder/Peterfalvi/S08_CaseBAssembly.lean:766:9: `if_pos` has been deprecated: Use `ite_eq_left` instead
warning: OddOrder/Peterfalvi/S08_CaseBAssembly.lean:776:9: `if_neg` has been deprecated: Use `ite_eq_right` instead
warning: OddOrder/Peterfalvi/S08_CaseBAssembly.lean:782:9: `if_pos` has been deprecated: Use `ite_eq_left` instead
warning: OddOrder/Peterfalvi/S08_CaseBAssembly.lean:861:6: `if_neg` has been deprecated: Use `ite_eq_right` instead
warning: OddOrder/Peterfalvi/S08_CaseBAssembly.lean:937:6: `if_neg` has been deprecated: Use `ite_eq_right` instead
⚠ [3763/3848] Replayed OddOrder.Peterfalvi.S08_CrossOrthogonality
warning: OddOrder/Peterfalvi/S08_CrossOrthogonality.lean:132:66: `if_pos` has been deprecated: Use `ite_eq_left` instead
warning: OddOrder/Peterfalvi/S08_CrossOrthogonality.lean:134:66: `if_pos` has been deprecated: Use `ite_eq_left` instead
warning: OddOrder/Peterfalvi/S08_CrossOrthogonality.lean:136:66: `if_neg` has been deprecated: Use `ite_eq_right` instead
warning: OddOrder/Peterfalvi/S08_CrossOrthogonality.lean:139:9: `if_neg` has been deprecated: Use `ite_eq_right` instead
⚠ [3767/3848] Replayed OddOrder.Peterfalvi.S08_CaseBEnumeration
warning: OddOrder/Peterfalvi/S08_CaseBEnumeration.lean:110:8: `if_pos` has been deprecated: Use `ite_eq_left` instead
warning: OddOrder/Peterfalvi/S08_CaseBEnumeration.lean:111:8: `if_neg` has been deprecated: Use `ite_eq_right` instead
warning: OddOrder/Peterfalvi/S08_CaseBEnumeration.lean:563:11: `if_neg` has been deprecated: Use `ite_eq_right` instead
warning: OddOrder/Peterfalvi/S08_CaseBEnumeration.lean:607:10: `if_pos` has been deprecated: Use `ite_eq_left` instead
warning: OddOrder/Peterfalvi/S08_CaseBEnumeration.lean:615:13: `if_pos` has been deprecated: Use `ite_eq_left` instead
warning: OddOrder/Peterfalvi/S08_CaseBEnumeration.lean:621:10: `if_pos` has been deprecated: Use `ite_eq_left` instead
warning: OddOrder/Peterfalvi/S08_CaseBEnumeration.lean:625:10: `if_neg` has been deprecated: Use `ite_eq_right` instead
warning: OddOrder/Peterfalvi/S08_CaseBEnumeration.lean:670:9: `if_pos` has been deprecated: Use `ite_eq_left` instead
warning: OddOrder/Peterfalvi/S08_CaseBEnumeration.lean:674:9: `if_pos` has been deprecated: Use `ite_eq_left` instead
warning: OddOrder/Peterfalvi/S08_CaseBEnumeration.lean:738:57: `if_pos` has been deprecated: Use `ite_eq_left` instead
warning: OddOrder/Peterfalvi/S08_CaseBEnumeration.lean:743:57: `if_pos` has been deprecated: Use `ite_eq_left` instead
warning: OddOrder/Peterfalvi/S08_CaseBEnumeration.lean:749:6: `if_neg` has been deprecated: Use `ite_eq_right` instead
warning: OddOrder/Peterfalvi/S08_CaseBEnumeration.lean:754:6: `if_neg` has been deprecated: Use `ite_eq_right` instead
warning: OddOrder/Peterfalvi/S08_CaseBEnumeration.lean:896:46: `if_pos` has been deprecated: Use `ite_eq_left` instead
warning: OddOrder/Peterfalvi/S08_CaseBEnumeration.lean:1044:46: `if_pos` has been deprecated: Use `ite_eq_left` instead
⚠ [3769/3848] Replayed OddOrder.Peterfalvi.S08_CaseBWeightedEndgame
warning: OddOrder/Peterfalvi/S08_CaseBWeightedEndgame.lean:388:8: `if_pos` has been deprecated: Use `ite_eq_left` instead
warning: OddOrder/Peterfalvi/S08_CaseBWeightedEndgame.lean:389:8: `if_neg` has been deprecated: Use `ite_eq_right` instead
⚠ [3774/3848] Replayed OddOrder.Peterfalvi.S08_CaseBXChiCoherence
warning: OddOrder/Peterfalvi/S08_CaseBXChiCoherence.lean:93:6: `dif_pos` has been deprecated: Use `dite_eq_left` instead
warning: OddOrder/Peterfalvi/S08_CaseBXChiCoherence.lean:110:52: `dif_neg` has been deprecated: Use `dite_eq_right` instead
warning: OddOrder/Peterfalvi/S08_CaseBXChiCoherence.lean:193:9: `if_pos` has been deprecated: Use `ite_eq_left` instead
warning: OddOrder/Peterfalvi/S08_CaseBXChiCoherence.lean:371:10: `if_pos` has been deprecated: Use `ite_eq_left` instead
warning: OddOrder/Peterfalvi/S08_CaseBXChiCoherence.lean:371:36: `if_pos` has been deprecated: Use `ite_eq_left` instead
warning: OddOrder/Peterfalvi/S08_CaseBXChiCoherence.lean:372:10: `if_neg` has been deprecated: Use `ite_eq_right` instead
warning: OddOrder/Peterfalvi/S08_CaseBXChiCoherence.lean:372:60: `if_neg` has been deprecated: Use `ite_eq_right` instead
⚠ [3775/3848] Replayed OddOrder.Peterfalvi.S08_CaseBSeedSetup
warning: OddOrder/Peterfalvi/S08_CaseBSeedSetup.lean:78:11: `if_pos` has been deprecated: Use `ite_eq_left` instead
warning: OddOrder/Peterfalvi/S08_CaseBSeedSetup.lean:414:8: `if_neg` has been deprecated: Use `ite_eq_right` instead
warning: OddOrder/Peterfalvi/S08_CaseBSeedSetup.lean:512:9: `if_pos` has been deprecated: Use `ite_eq_left` instead
warning: OddOrder/Peterfalvi/S08_CaseBSeedSetup.lean:558:10: `if_pos` has been deprecated: Use `ite_eq_left` instead
warning: OddOrder/Peterfalvi/S08_CaseBSeedSetup.lean:558:36: `if_pos` has been deprecated: Use `ite_eq_left` instead
warning: OddOrder/Peterfalvi/S08_CaseBSeedSetup.lean:559:10: `if_neg` has been deprecated: Use `ite_eq_right` instead
warning: OddOrder/Peterfalvi/S08_CaseBSeedSetup.lean:559:60: `if_neg` has been deprecated: Use `ite_eq_right` instead
info: OddOrder/Peterfalvi/S08_CaseBSeedSetup.lean:592:4: Try this:
  [apply] ring_nf
  
  The `ring` tactic failed to close the goal. Use `ring_nf` to obtain a normal form.
    
  Note that `ring` works primarily in *commutative* rings. If you have a noncommutative ring, abelian group or module, consider using `noncomm_ring`, `abel` or `module` instead.
warning: OddOrder/Peterfalvi/S08_CaseBSeedSetup.lean:603:85: `if_pos` has been deprecated: Use `ite_eq_left` instead
warning: OddOrder/Peterfalvi/S08_CaseBSeedSetup.lean:606:8: `if_pos` has been deprecated: Use `ite_eq_left` instead
warning: OddOrder/Peterfalvi/S08_CaseBSeedSetup.lean:608:71: `if_pos` has been deprecated: Use `ite_eq_left` instead
warning: OddOrder/Peterfalvi/S08_CaseBSeedSetup.lean:611:52: `if_pos` has been deprecated: Use `ite_eq_left` instead
warning: OddOrder/Peterfalvi/S08_CaseBSeedSetup.lean:613:8: `if_neg` has been deprecated: Use `ite_eq_right` instead
warning: OddOrder/Peterfalvi/S08_CaseBSeedSetup.lean:614:87: `if_neg` has been deprecated: Use `ite_eq_right` instead
⚠ [3776/3848] Replayed OddOrder.Peterfalvi.S08_CaseBAnchoredSeed
warning: OddOrder/Peterfalvi/S08_CaseBAnchoredSeed.lean:221:24: `if_pos` has been deprecated: Use `ite_eq_left` instead
warning: OddOrder/Peterfalvi/S08_CaseBAnchoredSeed.lean:234:29: `if_neg` has been deprecated: Use `ite_eq_right` instead
warning: OddOrder/Peterfalvi/S08_CaseBAnchoredSeed.lean:240:29: `if_neg` has been deprecated: Use `ite_eq_right` instead
warning: OddOrder/Peterfalvi/S08_CaseBAnchoredSeed.lean:348:9: `if_pos` has been deprecated: Use `ite_eq_left` instead
warning: OddOrder/Peterfalvi/S08_CaseBAnchoredSeed.lean:498:4: `if_neg` has been deprecated: Use `ite_eq_right` instead
warning: OddOrder/Peterfalvi/S08_CaseBAnchoredSeed.lean:540:72: `if_pos` has been deprecated: Use `ite_eq_left` instead
warning: OddOrder/Peterfalvi/S08_CaseBAnchoredSeed.lean:700:19: `dif_pos` has been deprecated: Use `dite_eq_left` instead
⚠ [3777/3848] Replayed OddOrder.Peterfalvi.S08_CaseBSeedGlue
warning: OddOrder/Peterfalvi/S08_CaseBSeedGlue.lean:75:10: `if_pos` has been deprecated: Use `ite_eq_left` instead
warning: OddOrder/Peterfalvi/S08_CaseBSeedGlue.lean:75:36: `if_pos` has been deprecated: Use `ite_eq_left` instead
warning: OddOrder/Peterfalvi/S08_CaseBSeedGlue.lean:76:10: `if_neg` has been deprecated: Use `ite_eq_right` instead
warning: OddOrder/Peterfalvi/S08_CaseBSeedGlue.lean:76:60: `if_neg` has been deprecated: Use `ite_eq_right` instead
warning: OddOrder/Peterfalvi/S08_CaseBSeedGlue.lean:183:9: `if_pos` has been deprecated: Use `ite_eq_left` instead
⚠ [3779/3848] Replayed OddOrder.Peterfalvi.S08_CoherenceTheorems
warning: OddOrder/Peterfalvi/S08_CoherenceTheorems.lean:188:8: `if_pos` has been deprecated: Use `ite_eq_left` instead
warning: OddOrder/Peterfalvi/S08_CoherenceTheorems.lean:189:8: `if_neg` has been deprecated: Use `ite_eq_right` instead
warning: OddOrder/Peterfalvi/S08_CoherenceTheorems.lean:217:10: `if_pos` has been deprecated: Use `ite_eq_left` instead
warning: OddOrder/Peterfalvi/S08_CoherenceTheorems.lean:217:22: `if_pos` has been deprecated: Use `ite_eq_left` instead
warning: OddOrder/Peterfalvi/S08_CoherenceTheorems.lean:218:10: `if_neg` has been deprecated: Use `ite_eq_right` instead
warning: OddOrder/Peterfalvi/S08_CoherenceTheorems.lean:218:32: `if_neg` has been deprecated: Use `ite_eq_right` instead
⚠ [3781/3848] Replayed OddOrder.BG.AppC_FrobeniusClassSum
warning: OddOrder/BG/AppC_FrobeniusClassSum.lean:840:10: `if_neg` has been deprecated: Use `ite_eq_right` instead
⚠ [3787/3848] Replayed OddOrder.Peterfalvi.S06_CertainTypeSubcoherent
warning: OddOrder/Peterfalvi/S06_CertainTypeSubcoherent.lean:194:16: `dif_pos` has been deprecated: Use `dite_eq_left` instead
warning: OddOrder/Peterfalvi/S06_CertainTypeSubcoherent.lean:216:16: `dif_neg` has been deprecated: Use `dite_eq_right` instead
warning: OddOrder/Peterfalvi/S06_CertainTypeSubcoherent.lean:585:67: `if_pos` has been deprecated: Use `ite_eq_left` instead
warning: OddOrder/Peterfalvi/S06_CertainTypeSubcoherent.lean:587:67: `if_pos` has been deprecated: Use `ite_eq_left` instead
warning: OddOrder/Peterfalvi/S06_CertainTypeSubcoherent.lean:589:67: `if_neg` has been deprecated: Use `ite_eq_right` instead
warning: OddOrder/Peterfalvi/S06_CertainTypeSubcoherent.lean:592:9: `if_neg` has been deprecated: Use `ite_eq_right` instead
⚠ [3788/3848] Replayed OddOrder.Peterfalvi.S09_NonexistenceCertain.Hypothesis71
warning: OddOrder/Peterfalvi/S09_NonexistenceCertain/Hypothesis71.lean:367:31: `dif_pos` has been deprecated: Use `dite_eq_left` instead
warning: OddOrder/Peterfalvi/S09_NonexistenceCertain/Hypothesis71.lean:518:14: `if_pos` has been deprecated: Use `ite_eq_left` instead
warning: OddOrder/Peterfalvi/S09_NonexistenceCertain/Hypothesis71.lean:518:25: `if_pos` has been deprecated: Use `ite_eq_left` instead
warning: OddOrder/Peterfalvi/S09_NonexistenceCertain/Hypothesis71.lean:522:14: `if_neg` has been deprecated: Use `ite_eq_right` instead
warning: OddOrder/Peterfalvi/S09_NonexistenceCertain/Hypothesis71.lean:522:25: `if_neg` has been deprecated: Use `ite_eq_right` instead
warning: OddOrder/Peterfalvi/S09_NonexistenceCertain/Hypothesis71.lean:535:21: `if_pos` has been deprecated: Use `ite_eq_left` instead
warning: OddOrder/Peterfalvi/S09_NonexistenceCertain/Hypothesis71.lean:554:10: `if_pos` has been deprecated: Use `ite_eq_left` instead
warning: OddOrder/Peterfalvi/S09_NonexistenceCertain/Hypothesis71.lean:554:21: `if_pos` has been deprecated: Use `ite_eq_left` instead
warning: OddOrder/Peterfalvi/S09_NonexistenceCertain/Hypothesis71.lean:556:10: `if_neg` has been deprecated: Use `ite_eq_right` instead
warning: OddOrder/Peterfalvi/S09_NonexistenceCertain/Hypothesis71.lean:556:21: `if_neg` has been deprecated: Use `ite_eq_right` instead
warning: OddOrder/Peterfalvi/S09_NonexistenceCertain/Hypothesis71.lean:602:14: `if_pos` has been deprecated: Use `ite_eq_left` instead
warning: OddOrder/Peterfalvi/S09_NonexistenceCertain/Hypothesis71.lean:602:25: `if_pos` has been deprecated: Use `ite_eq_left` instead
warning: OddOrder/Peterfalvi/S09_NonexistenceCertain/Hypothesis71.lean:606:14: `if_neg` has been deprecated: Use `ite_eq_right` instead
warning: OddOrder/Peterfalvi/S09_NonexistenceCertain/Hypothesis71.lean:606:25: `if_neg` has been deprecated: Use `ite_eq_right` instead
warning: OddOrder/Peterfalvi/S09_NonexistenceCertain/Hypothesis71.lean:619:21: `if_pos` has been deprecated: Use `ite_eq_left` instead
warning: OddOrder/Peterfalvi/S09_NonexistenceCertain/Hypothesis71.lean:635:10: `if_pos` has been deprecated: Use `ite_eq_left` instead
warning: OddOrder/Peterfalvi/S09_NonexistenceCertain/Hypothesis71.lean:635:21: `if_pos` has been deprecated: Use `ite_eq_left` instead
warning: OddOrder/Peterfalvi/S09_NonexistenceCertain/Hypothesis71.lean:637:10: `if_neg` has been deprecated: Use `ite_eq_right` instead
warning: OddOrder/Peterfalvi/S09_NonexistenceCertain/Hypothesis71.lean:637:21: `if_neg` has been deprecated: Use `ite_eq_right` instead
warning: OddOrder/Peterfalvi/S09_NonexistenceCertain/Hypothesis71.lean:655:23: `if_pos` has been deprecated: Use `ite_eq_left` instead
warning: OddOrder/Peterfalvi/S09_NonexistenceCertain/Hypothesis71.lean:661:23: `if_pos` has been deprecated: Use `ite_eq_left` instead
warning: OddOrder/Peterfalvi/S09_NonexistenceCertain/Hypothesis71.lean:695:31: `if_pos` has been deprecated: Use `ite_eq_left` instead
warning: OddOrder/Peterfalvi/S09_NonexistenceCertain/Hypothesis71.lean:698:19: `if_neg` has been deprecated: Use `ite_eq_right` instead
warning: OddOrder/Peterfalvi/S09_NonexistenceCertain/Hypothesis71.lean:741:8: `if_pos` has been deprecated: Use `ite_eq_left` instead
warning: OddOrder/Peterfalvi/S09_NonexistenceCertain/Hypothesis71.lean:746:8: `if_neg` has been deprecated: Use `ite_eq_right` instead
warning: OddOrder/Peterfalvi/S09_NonexistenceCertain/Hypothesis71.lean:759:8: `if_pos` has been deprecated: Use `ite_eq_left` instead
warning: OddOrder/Peterfalvi/S09_NonexistenceCertain/Hypothesis71.lean:763:41: `if_pos` has been deprecated: Use `ite_eq_left` instead
warning: OddOrder/Peterfalvi/S09_NonexistenceCertain/Hypothesis71.lean:764:8: `if_neg` has been deprecated: Use `ite_eq_right` instead
⚠ [3789/3848] Replayed OddOrder.Peterfalvi.S09_NonexistenceCertain.NormalCase
warning: OddOrder/Peterfalvi/S09_NonexistenceCertain/NormalCase.lean:258:22: `if_pos` has been deprecated: Use `ite_eq_left` instead
warning: OddOrder/Peterfalvi/S09_NonexistenceCertain/NormalCase.lean:259:8: `if_neg` has been deprecated: Use `ite_eq_right` instead
warning: OddOrder/Peterfalvi/S09_NonexistenceCertain/NormalCase.lean:298:38: `if_pos` has been deprecated: Use `ite_eq_left` instead
warning: OddOrder/Peterfalvi/S09_NonexistenceCertain/NormalCase.lean:299:10: `if_neg` has been deprecated: Use `ite_eq_right` instead
warning: OddOrder/Peterfalvi/S09_NonexistenceCertain/NormalCase.lean:324:6: `if_pos` has been deprecated: Use `ite_eq_left` instead
⚠ [3791/3848] Replayed OddOrder.Peterfalvi.S09_NonexistenceCertain.CoherenceFormula
warning: OddOrder/Peterfalvi/S09_NonexistenceCertain/CoherenceFormula.lean:432:8: `if_pos` has been deprecated: Use `ite_eq_left` instead
warning: OddOrder/Peterfalvi/S09_NonexistenceCertain/CoherenceFormula.lean:433:8: `if_neg` has been deprecated: Use `ite_eq_right` instead
warning: OddOrder/Peterfalvi/S09_NonexistenceCertain/CoherenceFormula.lean:470:8: `if_pos` has been deprecated: Use `ite_eq_left` instead
warning: OddOrder/Peterfalvi/S09_NonexistenceCertain/CoherenceFormula.lean:470:20: `if_pos` has been deprecated: Use `ite_eq_left` instead
warning: OddOrder/Peterfalvi/S09_NonexistenceCertain/CoherenceFormula.lean:525:10: `if_pos` has been deprecated: Use `ite_eq_left` instead
warning: OddOrder/Peterfalvi/S09_NonexistenceCertain/CoherenceFormula.lean:525:22: `if_pos` has been deprecated: Use `ite_eq_left` instead
warning: OddOrder/Peterfalvi/S09_NonexistenceCertain/CoherenceFormula.lean:526:10: `if_neg` has been deprecated: Use `ite_eq_right` instead
warning: OddOrder/Peterfalvi/S09_NonexistenceCertain/CoherenceFormula.lean:526:22: `if_neg` has been deprecated: Use `ite_eq_right` instead
warning: OddOrder/Peterfalvi/S09_NonexistenceCertain/CoherenceFormula.lean:532:4: `if_pos` has been deprecated: Use `ite_eq_left` instead
warning: OddOrder/Peterfalvi/S09_NonexistenceCertain/CoherenceFormula.lean:533:6: `if_pos` has been deprecated: Use `ite_eq_left` instead
warning: OddOrder/Peterfalvi/S09_NonexistenceCertain/CoherenceFormula.lean:616:69: `if_pos` has been deprecated: Use `ite_eq_left` instead
warning: OddOrder/Peterfalvi/S09_NonexistenceCertain/CoherenceFormula.lean:620:8: `if_neg` has been deprecated: Use `ite_eq_right` instead
warning: OddOrder/Peterfalvi/S09_NonexistenceCertain/CoherenceFormula.lean:693:10: `if_pos` has been deprecated: Use `ite_eq_left` instead
warning: OddOrder/Peterfalvi/S09_NonexistenceCertain/CoherenceFormula.lean:693:22: `if_pos` has been deprecated: Use `ite_eq_left` instead
warning: OddOrder/Peterfalvi/S09_NonexistenceCertain/CoherenceFormula.lean:694:10: `if_neg` has been deprecated: Use `ite_eq_right` instead
warning: OddOrder/Peterfalvi/S09_NonexistenceCertain/CoherenceFormula.lean:694:22: `if_neg` has been deprecated: Use `ite_eq_right` instead
warning: OddOrder/Peterfalvi/S09_NonexistenceCertain/CoherenceFormula.lean:1084:10: `if_pos` has been deprecated: Use `ite_eq_left` instead
warning: OddOrder/Peterfalvi/S09_NonexistenceCertain/CoherenceFormula.lean:1086:10: `if_neg` has been deprecated: Use `ite_eq_right` instead
⚠ [3795/3848] Replayed OddOrder.Peterfalvi.S09_CrossOrthogonality
warning: OddOrder/Peterfalvi/S09_CrossOrthogonality.lean:88:27: `if_pos` has been deprecated: Use `ite_eq_left` instead
warning: OddOrder/Peterfalvi/S09_CrossOrthogonality.lean:92:27: `if_pos` has been deprecated: Use `ite_eq_left` instead
warning: OddOrder/Peterfalvi/S09_CrossOrthogonality.lean:113:30: `if_neg` has been deprecated: Use `ite_eq_right` instead
warning: OddOrder/Peterfalvi/S09_CrossOrthogonality.lean:121:6: `if_pos` has been deprecated: Use `ite_eq_left` instead
warning: OddOrder/Peterfalvi/S09_CrossOrthogonality.lean:121:18: `if_neg` has been deprecated: Use `ite_eq_right` instead
warning: OddOrder/Peterfalvi/S09_CrossOrthogonality.lean:121:29: `if_neg` has been deprecated: Use `ite_eq_right` instead
warning: OddOrder/Peterfalvi/S09_CrossOrthogonality.lean:123:8: `if_pos` has been deprecated: Use `ite_eq_left` instead
warning: OddOrder/Peterfalvi/S09_CrossOrthogonality.lean:126:8: `if_neg` has been deprecated: Use `ite_eq_right` instead
⚠ [3796/3848] Replayed OddOrder.Peterfalvi.S09_Building78C
warning: OddOrder/Peterfalvi/S09_Building78C.lean:192:17: `if_pos` has been deprecated: Use `ite_eq_left` instead
warning: OddOrder/Peterfalvi/S09_Building78C.lean:192:28: `if_pos` has been deprecated: Use `ite_eq_left` instead
warning: OddOrder/Peterfalvi/S09_Building78C.lean:193:17: `if_neg` has been deprecated: Use `ite_eq_right` instead
warning: OddOrder/Peterfalvi/S09_Building78C.lean:193:28: `if_neg` has been deprecated: Use `ite_eq_right` instead
warning: OddOrder/Peterfalvi/S09_Building78C.lean:212:34: `if_neg` has been deprecated: Use `ite_eq_right` instead
warning: OddOrder/Peterfalvi/S09_Building78C.lean:227:29: `if_pos` has been deprecated: Use `ite_eq_left` instead
warning: OddOrder/Peterfalvi/S09_Building78C.lean:252:28: `if_pos` has been deprecated: Use `ite_eq_left` instead
warning: OddOrder/Peterfalvi/S09_Building78C.lean:270:8: `if_pos` has been deprecated: Use `ite_eq_left` instead
warning: OddOrder/Peterfalvi/S09_Building78C.lean:271:8: `if_neg` has been deprecated: Use `ite_eq_right` instead
warning: OddOrder/Peterfalvi/S09_Building78C.lean:289:8: `if_neg` has been deprecated: Use `ite_eq_right` instead
warning: OddOrder/Peterfalvi/S09_Building78C.lean:291:67: `if_pos` has been deprecated: Use `ite_eq_left` instead
⚠ [3797/3848] Replayed OddOrder.Peterfalvi.S09_BetaDecompOrthogonality
warning: OddOrder/Peterfalvi/S09_BetaDecompOrthogonality.lean:87:39: `if_neg` has been deprecated: Use `ite_eq_right` instead
warning: OddOrder/Peterfalvi/S09_BetaDecompOrthogonality.lean:102:39: `if_pos` has been deprecated: Use `ite_eq_left` instead
warning: OddOrder/Peterfalvi/S09_BetaDecompOrthogonality.lean:135:47: `if_pos` has been deprecated: Use `ite_eq_left` instead
⚠ [3799/3848] Replayed OddOrder.Peterfalvi.S09_CertificateDischarge
warning: OddOrder/Peterfalvi/S09_CertificateDischarge.lean:469:10: `if_pos` has been deprecated: Use `ite_eq_left` instead
warning: OddOrder/Peterfalvi/S09_CertificateDischarge.lean:470:10: `if_neg` has been deprecated: Use `ite_eq_right` instead
warning: OddOrder/Peterfalvi/S09_CertificateDischarge.lean:828:34: `if_pos` has been deprecated: Use `ite_eq_left` instead
warning: OddOrder/Peterfalvi/S09_CertificateDischarge.lean:839:8: `if_pos` has been deprecated: Use `ite_eq_left` instead
warning: OddOrder/Peterfalvi/S09_CertificateDischarge.lean:839:28: `if_neg` has been deprecated: Use `ite_eq_right` instead
warning: OddOrder/Peterfalvi/S09_CertificateDischarge.lean:841:8: `if_neg` has been deprecated: Use `ite_eq_right` instead
⚠ [3804/3848] Replayed OddOrder.Peterfalvi.S09_FrobeniusCrossOrtho
warning: OddOrder/Peterfalvi/S09_FrobeniusCrossOrtho.lean:47:7: `if_neg` has been deprecated: Use `ite_eq_right` instead
⚠ [3808/3848] Replayed OddOrder.Peterfalvi.S09_FrobeniusFamilyOrthogonality
warning: OddOrder/Peterfalvi/S09_FrobeniusFamilyOrthogonality.lean:300:7: `if_neg` has been deprecated: Use `ite_eq_right` instead
warning: OddOrder/Peterfalvi/S09_FrobeniusFamilyOrthogonality.lean:469:10: `if_pos` has been deprecated: Use `ite_eq_left` instead
warning: OddOrder/Peterfalvi/S09_FrobeniusFamilyOrthogonality.lean:470:10: `if_neg` has been deprecated: Use `ite_eq_right` instead
⚠ [3812/3848] Replayed OddOrder.Peterfalvi.S09_FrobeniusGammaDecomposition
warning: OddOrder/Peterfalvi/S09_FrobeniusGammaDecomposition.lean:539:12: `if_neg` has been deprecated: Use `ite_eq_right` instead
warning: OddOrder/Peterfalvi/S09_FrobeniusGammaDecomposition.lean:540:56: `if_pos` has been deprecated: Use `ite_eq_left` instead
warning: OddOrder/Peterfalvi/S09_FrobeniusGammaDecomposition.lean:698:10: `if_pos` has been deprecated: Use `ite_eq_left` instead
warning: OddOrder/Peterfalvi/S09_FrobeniusGammaDecomposition.lean:711:10: `if_neg` has been deprecated: Use `ite_eq_right` instead
⚠ [3881/4187] Replayed OddOrder.Isaacs.Ch07_ThompsonSubgroup.S7D1_BurnsideSetup
warning: OddOrder/Isaacs/Ch07_ThompsonSubgroup/S7D1_BurnsideSetup.lean:528:8: `if_pos` has been deprecated: Use `ite_eq_left` instead
warning: OddOrder/Isaacs/Ch07_ThompsonSubgroup/S7D1_BurnsideSetup.lean:528:20: `if_neg` has been deprecated: Use `ite_eq_right` instead
warning: OddOrder/Isaacs/Ch07_ThompsonSubgroup/S7D1_BurnsideSetup.lean:531:10: `if_neg` has been deprecated: Use `ite_eq_right` instead
warning: OddOrder/Isaacs/Ch07_ThompsonSubgroup/S7D1_BurnsideSetup.lean:531:35: `if_pos` has been deprecated: Use `ite_eq_left` instead
warning: OddOrder/Isaacs/Ch07_ThompsonSubgroup/S7D1_BurnsideSetup.lean:533:10: `if_neg` has been deprecated: Use `ite_eq_right` instead
warning: OddOrder/Isaacs/Ch07_ThompsonSubgroup/S7D1_BurnsideSetup.lean:533:40: `if_neg` has been deprecated: Use `ite_eq_right` instead
⚠ [3931/4187] Replayed OddOrder.GroupTheory.RepresentationTheory.BurnsideBasis
warning: OddOrder/GroupTheory/RepresentationTheory/BurnsideBasis.lean:60:19: `if_pos` has been deprecated: Use `ite_eq_left` instead
warning: OddOrder/GroupTheory/RepresentationTheory/BurnsideBasis.lean:61:10: `if_neg` has been deprecated: Use `ite_eq_right` instead
warning: OddOrder/GroupTheory/RepresentationTheory/BurnsideBasis.lean:73:30: `if_true` has been deprecated: Use `ite_true` instead
⚠ [3933/4187] Replayed OddOrder.GroupTheory.RepresentationTheory.EigenspaceBlockDecomp
warning: OddOrder/GroupTheory/RepresentationTheory/EigenspaceBlockDecomp.lean:188:55: `if_pos` has been deprecated: Use `ite_eq_left` instead
info: OddOrder/GroupTheory/RepresentationTheory/EigenspaceBlockDecomp.lean:298:2: Try this:
  [apply] ring_nf
  
  The `ring` tactic failed to close the goal. Use `ring_nf` to obtain a normal form.
    
  Note that `ring` works primarily in *commutative* rings. If you have a noncommutative ring, abelian group or module, consider using `noncomm_ring`, `abel` or `module` instead.
⚠ [3934/4187] Replayed OddOrder.GroupTheory.RepresentationTheory.CyclicShiftEigenspace
warning: OddOrder/GroupTheory/RepresentationTheory/CyclicShiftEigenspace.lean:213:28: `if_neg` has been deprecated: Use `ite_eq_right` instead
⚠ [3935/4187] Replayed OddOrder.GroupTheory.RepresentationTheory.CyclicPermEigenCount
warning: OddOrder/GroupTheory/RepresentationTheory/CyclicPermEigenCount.lean:131:6: `if_neg` has been deprecated: Use `ite_eq_right` instead
warning: OddOrder/GroupTheory/RepresentationTheory/CyclicPermEigenCount.lean:151:8: `if_neg` has been deprecated: Use `ite_eq_right` instead
⚠ [3937/4187] Replayed OddOrder.GroupTheory.RepresentationTheory.CyclicEndConjCount
warning: OddOrder/GroupTheory/RepresentationTheory/CyclicEndConjCount.lean:127:10: `if_neg` has been deprecated: Use `ite_eq_right` instead
⚠ [3949/4187] Replayed OddOrder.BG.Ch1_Preliminary.S03f_Thm36
warning: OddOrder/BG/Ch1_Preliminary/S03f_Thm36.lean:1223:34: `if_neg` has been deprecated: Use `ite_eq_right` instead
⚠ [3998/4187] Replayed OddOrder.GroupTheory.PiElementDecomposition
warning: OddOrder/GroupTheory/PiElementDecomposition.lean:78:8: `if_pos` has been deprecated: Use `ite_eq_left` instead
warning: OddOrder/GroupTheory/PiElementDecomposition.lean:82:8: `if_neg` has been deprecated: Use `ite_eq_right` instead
⚠ [4003/4187] Replayed OddOrder.BG.Ch4_FamilyOfMaximal.S14_TypePCounting.Conjugacy145C
warning: OddOrder/BG/Ch4_FamilyOfMaximal/S14_TypePCounting/Conjugacy145C.lean:959:12: `dif_pos` has been deprecated: Use `dite_eq_left` instead
warning: OddOrder/BG/Ch4_FamilyOfMaximal/S14_TypePCounting/Conjugacy145C.lean:1023:14: `dif_neg` has been deprecated: Use `dite_eq_right` instead
warning: OddOrder/BG/Ch4_FamilyOfMaximal/S14_TypePCounting/Conjugacy145C.lean:1082:18: `dif_neg` has been deprecated: Use `dite_eq_right` instead
warning: OddOrder/BG/Ch4_FamilyOfMaximal/S14_TypePCounting/Conjugacy145C.lean:1193:18: `dif_neg` has been deprecated: Use `dite_eq_right` instead
warning: OddOrder/BG/Ch4_FamilyOfMaximal/S14_TypePCounting/Conjugacy145C.lean:1215:16: `dif_neg` has been deprecated: Use `dite_eq_right` instead
⚠ [4004/4187] Replayed OddOrder.BG.Ch4_FamilyOfMaximal.S14_TypePCounting.SigmaLengthOne
warning: OddOrder/BG/Ch4_FamilyOfMaximal/S14_TypePCounting/SigmaLengthOne.lean:795:16: `dif_neg` has been deprecated: Use `dite_eq_right` instead
warning: OddOrder/BG/Ch4_FamilyOfMaximal/S14_TypePCounting/SigmaLengthOne.lean:796:46: `dif_neg` has been deprecated: Use `dite_eq_right` instead
warning: OddOrder/BG/Ch4_FamilyOfMaximal/S14_TypePCounting/SigmaLengthOne.lean:988:14: `dif_neg` has been deprecated: Use `dite_eq_right` instead
⚠ [4006/4187] Replayed OddOrder.BG.Ch4_FamilyOfMaximal.S14_TypePCounting.CentralizerSup
warning: OddOrder/BG/Ch4_FamilyOfMaximal/S14_TypePCounting/CentralizerSup.lean:530:12: `dif_neg` has been deprecated: Use `dite_eq_right` instead
⚠ [4009/4187] Replayed OddOrder.BG.Ch4_FamilyOfMaximal.S14_TypePCounting.GlobalCounting
warning: OddOrder/BG/Ch4_FamilyOfMaximal/S14_TypePCounting/GlobalCounting.lean:168:12: `if_pos` has been deprecated: Use `ite_eq_left` instead
warning: OddOrder/BG/Ch4_FamilyOfMaximal/S14_TypePCounting/GlobalCounting.lean:169:12: `if_neg` has been deprecated: Use `ite_eq_right` instead
warning: OddOrder/BG/Ch4_FamilyOfMaximal/S14_TypePCounting/GlobalCounting.lean:217:12: `if_pos` has been deprecated: Use `ite_eq_left` instead
warning: OddOrder/BG/Ch4_FamilyOfMaximal/S14_TypePCounting/GlobalCounting.lean:218:12: `if_neg` has been deprecated: Use `ite_eq_right` instead
warning: OddOrder/BG/Ch4_FamilyOfMaximal/S14_TypePCounting/GlobalCounting.lean:613:14: `if_pos` has been deprecated: Use `ite_eq_left` instead
warning: OddOrder/BG/Ch4_FamilyOfMaximal/S14_TypePCounting/GlobalCounting.lean:614:14: `if_neg` has been deprecated: Use `ite_eq_right` instead
⚠ [4032/4187] Replayed OddOrder.BG.Ch4_FamilyOfMaximal.S16_MainResults.Notation
warning: OddOrder/BG/Ch4_FamilyOfMaximal/S16_MainResults/Notation.lean:159:39: `dif_neg` has been deprecated: Use `dite_eq_right` instead
warning: OddOrder/BG/Ch4_FamilyOfMaximal/S16_MainResults/Notation.lean:167:48: `dif_pos` has been deprecated: Use `dite_eq_left` instead
warning: OddOrder/BG/Ch4_FamilyOfMaximal/S16_MainResults/Notation.lean:234:50: `dif_pos` has been deprecated: Use `dite_eq_left` instead
⚠ [4042/4187] Replayed OddOrder.BG.Ch4_FamilyOfMaximal.S16_Lemma1413
warning: OddOrder/BG/Ch4_FamilyOfMaximal/S16_Lemma1413.lean:320:53: `dif_pos` has been deprecated: Use `dite_eq_left` instead
⚠ [4044/4187] Replayed OddOrder.Peterfalvi.S10_StructureSetup
warning: OddOrder/Peterfalvi/S10_StructureSetup.lean:1036:6: `if_neg` has been deprecated: Use `ite_eq_right` instead
warning: OddOrder/Peterfalvi/S10_StructureSetup.lean:1043:6: `if_pos` has been deprecated: Use `ite_eq_left` instead
warning: OddOrder/Peterfalvi/S10_StructureSetup.lean:1121:6: `if_neg` has been deprecated: Use `ite_eq_right` instead
warning: OddOrder/Peterfalvi/S10_StructureSetup.lean:1122:6: `if_neg` has been deprecated: Use `ite_eq_right` instead
warning: OddOrder/Peterfalvi/S10_StructureSetup.lean:1124:6: `if_pos` has been deprecated: Use `ite_eq_left` instead
warning: OddOrder/Peterfalvi/S10_StructureSetup.lean:1125:6: `if_pos` has been deprecated: Use `ite_eq_left` instead
⚠ [4045/4187] Replayed OddOrder.Peterfalvi.S10_ConjugationTransport
warning: OddOrder/Peterfalvi/S10_ConjugationTransport.lean:282:6: `dif_pos` has been deprecated: Use `dite_eq_left` instead
warning: OddOrder/Peterfalvi/S10_ConjugationTransport.lean:304:72: `dif_pos` has been deprecated: Use `dite_eq_left` instead
warning: OddOrder/Peterfalvi/S10_ConjugationTransport.lean:450:72: `dif_pos` has been deprecated: Use `dite_eq_left` instead
warning: OddOrder/Peterfalvi/S10_ConjugationTransport.lean:569:72: `dif_pos` has been deprecated: Use `dite_eq_left` instead
⚠ [4046/4187] Replayed OddOrder.Peterfalvi.S10_MinimalSimpleBasic
warning: OddOrder/Peterfalvi/S10_MinimalSimpleBasic.lean:166:72: `dif_pos` has been deprecated: Use `dite_eq_left` instead
warning: OddOrder/Peterfalvi/S10_MinimalSimpleBasic.lean:174:6: `dif_pos` has been deprecated: Use `dite_eq_left` instead
warning: OddOrder/Peterfalvi/S10_MinimalSimpleBasic.lean:1021:72: `dif_pos` has been deprecated: Use `dite_eq_left` instead
warning: OddOrder/Peterfalvi/S10_MinimalSimpleBasic.lean:1029:6: `dif_pos` has been deprecated: Use `dite_eq_left` instead
⚠ [4048/4187] Replayed OddOrder.Peterfalvi.S10_MinimalSimpleStructure
warning: OddOrder/Peterfalvi/S10_MinimalSimpleStructure.lean:61:79: `dif_pos` has been deprecated: Use `dite_eq_left` instead
warning: OddOrder/Peterfalvi/S10_MinimalSimpleStructure.lean:473:72: `dif_pos` has been deprecated: Use `dite_eq_left` instead
warning: OddOrder/Peterfalvi/S10_MinimalSimpleStructure.lean:1178:32: `dif_neg` has been deprecated: Use `dite_eq_right` instead
⚠ [4056/4187] Replayed OddOrder.Algebra.AugmentationIdeal
warning: OddOrder/Algebra/AugmentationIdeal.lean:164:30: `if_neg` has been deprecated: Use `ite_eq_right` instead
warning: OddOrder/Algebra/AugmentationIdeal.lean:167:10: `if_pos` has been deprecated: Use `ite_eq_left` instead
warning: OddOrder/Algebra/AugmentationIdeal.lean:167:22: `if_pos` has been deprecated: Use `ite_eq_left` instead
warning: OddOrder/Algebra/AugmentationIdeal.lean:168:10: `if_neg` has been deprecated: Use `ite_eq_right` instead
warning: OddOrder/Algebra/AugmentationIdeal.lean:168:49: `if_neg` has been deprecated: Use `ite_eq_right` instead
warning: OddOrder/Algebra/AugmentationIdeal.lean:170:4: `if_pos` has been deprecated: Use `ite_eq_left` instead
warning: OddOrder/Algebra/AugmentationIdeal.lean:860:8: `if_neg` has been deprecated: Use `ite_eq_right` instead
warning: OddOrder/Algebra/AugmentationIdeal.lean:863:10: `if_pos` has been deprecated: Use `ite_eq_left` instead
warning: OddOrder/Algebra/AugmentationIdeal.lean:863:22: `if_pos` has been deprecated: Use `ite_eq_left` instead
warning: OddOrder/Algebra/AugmentationIdeal.lean:866:10: `if_neg` has been deprecated: Use `ite_eq_right` instead
warning: OddOrder/Algebra/AugmentationIdeal.lean:866:22: `if_neg` has been deprecated: Use `ite_eq_right` instead
warning: OddOrder/Algebra/AugmentationIdeal.lean:868:4: `if_pos` has been deprecated: Use `ite_eq_left` instead
⚠ [4057/4187] Replayed OddOrder.GroupTheory.RepresentationTheory.CenterClassSumBasis
warning: OddOrder/GroupTheory/RepresentationTheory/CenterClassSumBasis.lean:109:4: `if_pos` has been deprecated: Use `ite_eq_left` instead
⚠ [4070/4187] Replayed OddOrder.GroupTheory.RepresentationTheory.WielandtKernelFPF
warning: OddOrder/GroupTheory/RepresentationTheory/WielandtKernelFPF.lean:197:10: `if_neg` has been deprecated: Use `ite_eq_right` instead
warning: OddOrder/GroupTheory/RepresentationTheory/WielandtKernelFPF.lean:197:10: `if_neg` has been deprecated: Use `ite_eq_right` instead
warning: OddOrder/GroupTheory/RepresentationTheory/WielandtKernelFPF.lean:239:6: `if_neg` has been deprecated: Use `ite_eq_right` instead
⚠ [4077/4187] Replayed OddOrder.Peterfalvi.S11_MaximalII_III_IV.ChiefFactorCore
warning: OddOrder/Peterfalvi/S11_MaximalII_III_IV/ChiefFactorCore.lean:409:29: `dif_neg` has been deprecated: Use `dite_eq_right` instead
⚠ [4083/4187] Replayed OddOrder.Peterfalvi.S11_MaximalII_III_IV.Coherence911
warning: OddOrder/Peterfalvi/S11_MaximalII_III_IV/Coherence911.lean:695:85: `if_pos` has been deprecated: Use `ite_eq_left` instead
⚠ [4084/4187] Replayed OddOrder.Peterfalvi.S11_MaximalII_III_IV.CaseBXi
warning: OddOrder/Peterfalvi/S11_MaximalII_III_IV/CaseBXi.lean:480:85: `if_pos` has been deprecated: Use `ite_eq_left` instead
⚠ [4086/4187] Replayed OddOrder.Peterfalvi.S11_MaximalII_III_IV.InnerCompHom
warning: OddOrder/Peterfalvi/S11_MaximalII_III_IV/InnerCompHom.lean:153:85: `if_pos` has been deprecated: Use `ite_eq_left` instead
⚠ [4087/4187] Replayed OddOrder.Peterfalvi.S11_MaximalII_III_IV.SummandComplementKernel
warning: OddOrder/Peterfalvi/S11_MaximalII_III_IV/SummandComplementKernel.lean:303:85: `if_pos` has been deprecated: Use `ite_eq_left` instead
warning: OddOrder/Peterfalvi/S11_MaximalII_III_IV/SummandComplementKernel.lean:322:6: `if_pos` has been deprecated: Use `ite_eq_left` instead
warning: OddOrder/Peterfalvi/S11_MaximalII_III_IV/SummandComplementKernel.lean:933:4: `if_neg` has been deprecated: Use `ite_eq_right` instead
⚠ [4088/4187] Replayed OddOrder.Peterfalvi.S11_MaximalII_III_IV.ThetaCountAssembly
warning: OddOrder/Peterfalvi/S11_MaximalII_III_IV/ThetaCountAssembly.lean:511:85: `if_pos` has been deprecated: Use `ite_eq_left` instead
⚠ [4093/4187] Replayed OddOrder.Peterfalvi.S05_SigmaTrichotomy
warning: OddOrder/Peterfalvi/S05_SigmaTrichotomy.lean:166:72: `if_true` has been deprecated: Use `ite_true` instead
warning: OddOrder/Peterfalvi/S05_SigmaTrichotomy.lean:434:67: `if_pos` has been deprecated: Use `ite_eq_left` instead
warning: OddOrder/Peterfalvi/S05_SigmaTrichotomy.lean:435:6: `if_neg` has been deprecated: Use `ite_eq_right` instead
warning: OddOrder/Peterfalvi/S05_SigmaTrichotomy.lean:440:67: `if_neg` has been deprecated: Use `ite_eq_right` instead
warning: OddOrder/Peterfalvi/S05_SigmaTrichotomy.lean:440:80: `if_pos` has been deprecated: Use `ite_eq_left` instead
warning: OddOrder/Peterfalvi/S05_SigmaTrichotomy.lean:444:42: `if_pos` has been deprecated: Use `ite_eq_left` instead
warning: OddOrder/Peterfalvi/S05_SigmaTrichotomy.lean:446:42: `if_pos` has been deprecated: Use `ite_eq_left` instead
warning: OddOrder/Peterfalvi/S05_SigmaTrichotomy.lean:448:42: `if_neg` has been deprecated: Use `ite_eq_right` instead
warning: OddOrder/Peterfalvi/S05_SigmaTrichotomy.lean:450:42: `if_neg` has been deprecated: Use `ite_eq_right` instead
warning: OddOrder/Peterfalvi/S05_SigmaTrichotomy.lean:515:38: `if_neg` has been deprecated: Use `ite_eq_right` instead
warning: OddOrder/Peterfalvi/S05_SigmaTrichotomy.lean:515:65: `if_neg` has been deprecated: Use `ite_eq_right` instead
warning: OddOrder/Peterfalvi/S05_SigmaTrichotomy.lean:611:46: `if_neg` has been deprecated: Use `ite_eq_right` instead
warning: OddOrder/Peterfalvi/S05_SigmaTrichotomy.lean:613:40: `if_pos` has been deprecated: Use `ite_eq_left` instead
⚠ [4097/4187] Replayed OddOrder.Peterfalvi.S12_MaximalIII_IV_V_Core.MuGridConstruction
warning: OddOrder/Peterfalvi/S12_MaximalIII_IV_V_Core/MuGridConstruction.lean:303:8: `if_pos` has been deprecated: Use `ite_eq_left` instead
warning: OddOrder/Peterfalvi/S12_MaximalIII_IV_V_Core/MuGridConstruction.lean:303:20: `if_pos` has been deprecated: Use `ite_eq_left` instead
warning: OddOrder/Peterfalvi/S12_MaximalIII_IV_V_Core/MuGridConstruction.lean:304:8: `if_neg` has been deprecated: Use `ite_eq_right` instead
warning: OddOrder/Peterfalvi/S12_MaximalIII_IV_V_Core/MuGridConstruction.lean:304:20: `if_neg` has been deprecated: Use `ite_eq_right` instead
warning: OddOrder/Peterfalvi/S12_MaximalIII_IV_V_Core/MuGridConstruction.lean:420:8: `if_neg` has been deprecated: Use `ite_eq_right` instead
warning: OddOrder/Peterfalvi/S12_MaximalIII_IV_V_Core/MuGridConstruction.lean:421:6: `if_pos` has been deprecated: Use `ite_eq_left` instead
warning: OddOrder/Peterfalvi/S12_MaximalIII_IV_V_Core/MuGridConstruction.lean:429:8: `if_neg` has been deprecated: Use `ite_eq_right` instead
warning: OddOrder/Peterfalvi/S12_MaximalIII_IV_V_Core/MuGridConstruction.lean:430:6: `if_pos` has been deprecated: Use `ite_eq_left` instead
⚠ [4098/4187] Replayed OddOrder.Peterfalvi.S12_MaximalIII_IV_V_Core.CharacterParameters
warning: OddOrder/Peterfalvi/S12_MaximalIII_IV_V_Core/CharacterParameters.lean:74:69: `if_pos` has been deprecated: Use `ite_eq_left` instead
warning: OddOrder/Peterfalvi/S12_MaximalIII_IV_V_Core/CharacterParameters.lean:158:4: `if_neg` has been deprecated: Use `ite_eq_right` instead
warning: OddOrder/Peterfalvi/S12_MaximalIII_IV_V_Core/CharacterParameters.lean:315:19: `if_pos` has been deprecated: Use `ite_eq_left` instead
warning: OddOrder/Peterfalvi/S12_MaximalIII_IV_V_Core/CharacterParameters.lean:316:10: `if_neg` has been deprecated: Use `ite_eq_right` instead
warning: OddOrder/Peterfalvi/S12_MaximalIII_IV_V_Core/CharacterParameters.lean:364:4: `if_neg` has been deprecated: Use `ite_eq_right` instead
warning: OddOrder/Peterfalvi/S12_MaximalIII_IV_V_Core/CharacterParameters.lean:391:64: `if_pos` has been deprecated: Use `ite_eq_left` instead
⚠ [4099/4187] Replayed OddOrder.Peterfalvi.S12_MaximalIII_IV_V_Core.Isometry105
warning: OddOrder/Peterfalvi/S12_MaximalIII_IV_V_Core/Isometry105.lean:540:64: `if_pos` has been deprecated: Use `ite_eq_left` instead
warning: OddOrder/Peterfalvi/S12_MaximalIII_IV_V_Core/Isometry105.lean:542:67: `if_neg` has been deprecated: Use `ite_eq_right` instead
warning: OddOrder/Peterfalvi/S12_MaximalIII_IV_V_Core/Isometry105.lean:579:64: `if_pos` has been deprecated: Use `ite_eq_left` instead
warning: OddOrder/Peterfalvi/S12_MaximalIII_IV_V_Core/Isometry105.lean:581:64: `if_neg` has been deprecated: Use `ite_eq_right` instead
warning: OddOrder/Peterfalvi/S12_MaximalIII_IV_V_Core/Isometry105.lean:620:69: `if_neg` has been deprecated: Use `ite_eq_right` instead
warning: OddOrder/Peterfalvi/S12_MaximalIII_IV_V_Core/Isometry105.lean:674:69: `if_neg` has been deprecated: Use `ite_eq_right` instead
warning: OddOrder/Peterfalvi/S12_MaximalIII_IV_V_Core/Isometry105.lean:685:12: `if_pos` has been deprecated: Use `ite_eq_left` instead
warning: OddOrder/Peterfalvi/S12_MaximalIII_IV_V_Core/Isometry105.lean:686:12: `if_neg` has been deprecated: Use `ite_eq_right` instead
warning: OddOrder/Peterfalvi/S12_MaximalIII_IV_V_Core/Isometry105.lean:729:66: `if_pos` has been deprecated: Use `ite_eq_left` instead
warning: OddOrder/Peterfalvi/S12_MaximalIII_IV_V_Core/Isometry105.lean:741:12: `if_pos` has been deprecated: Use `ite_eq_left` instead
warning: OddOrder/Peterfalvi/S12_MaximalIII_IV_V_Core/Isometry105.lean:742:12: `if_neg` has been deprecated: Use `ite_eq_right` instead
warning: OddOrder/Peterfalvi/S12_MaximalIII_IV_V_Core/Isometry105.lean:750:67: `if_pos` has been deprecated: Use `ite_eq_left` instead
⚠ [4100/4187] Replayed OddOrder.Peterfalvi.S12_MaximalIII_IV_V_Core.Isometry106
warning: OddOrder/Peterfalvi/S12_MaximalIII_IV_V_Core/Isometry106.lean:170:60: `if_pos` has been deprecated: Use `ite_eq_left` instead
warning: OddOrder/Peterfalvi/S12_MaximalIII_IV_V_Core/Isometry106.lean:192:65: `if_neg` has been deprecated: Use `ite_eq_right` instead
warning: OddOrder/Peterfalvi/S12_MaximalIII_IV_V_Core/Isometry106.lean:463:9: `if_pos` has been deprecated: Use `ite_eq_left` instead
warning: OddOrder/Peterfalvi/S12_MaximalIII_IV_V_Core/Isometry106.lean:472:11: `if_neg` has been deprecated: Use `ite_eq_right` instead
warning: OddOrder/Peterfalvi/S12_MaximalIII_IV_V_Core/Isometry106.lean:556:63: `if_neg` has been deprecated: Use `ite_eq_right` instead
warning: OddOrder/Peterfalvi/S12_MaximalIII_IV_V_Core/Isometry106.lean:599:42: `if_pos` has been deprecated: Use `ite_eq_left` instead
⚠ [4101/4187] Replayed OddOrder.Peterfalvi.S12_MaximalIII_IV_V_Core.DadeCalculations
warning: OddOrder/Peterfalvi/S12_MaximalIII_IV_V_Core/DadeCalculations.lean:41:8: `if_neg` has been deprecated: Use `ite_eq_right` instead
warning: OddOrder/Peterfalvi/S12_MaximalIII_IV_V_Core/DadeCalculations.lean:43:8: `if_neg` has been deprecated: Use `ite_eq_right` instead
warning: OddOrder/Peterfalvi/S12_MaximalIII_IV_V_Core/DadeCalculations.lean:56:6: `if_neg` has been deprecated: Use `ite_eq_right` instead
warning: OddOrder/Peterfalvi/S12_MaximalIII_IV_V_Core/DadeCalculations.lean:56:65: `if_pos` has been deprecated: Use `ite_eq_left` instead
warning: OddOrder/Peterfalvi/S12_MaximalIII_IV_V_Core/DadeCalculations.lean:118:10: `if_neg` has been deprecated: Use `ite_eq_right` instead
warning: OddOrder/Peterfalvi/S12_MaximalIII_IV_V_Core/DadeCalculations.lean:119:8: `if_neg` has been deprecated: Use `ite_eq_right` instead
warning: OddOrder/Peterfalvi/S12_MaximalIII_IV_V_Core/DadeCalculations.lean:172:10: `if_neg` has been deprecated: Use `ite_eq_right` instead
warning: OddOrder/Peterfalvi/S12_MaximalIII_IV_V_Core/DadeCalculations.lean:173:8: `if_neg` has been deprecated: Use `ite_eq_right` instead
warning: OddOrder/Peterfalvi/S12_MaximalIII_IV_V_Core/DadeCalculations.lean:456:10: `if_neg` has been deprecated: Use `ite_eq_right` instead
warning: OddOrder/Peterfalvi/S12_MaximalIII_IV_V_Core/DadeCalculations.lean:459:12: `if_pos` has been deprecated: Use `ite_eq_left` instead
warning: OddOrder/Peterfalvi/S12_MaximalIII_IV_V_Core/DadeCalculations.lean:459:33: `if_pos` has been deprecated: Use `ite_eq_left` instead
warning: OddOrder/Peterfalvi/S12_MaximalIII_IV_V_Core/DadeCalculations.lean:460:12: `if_neg` has been deprecated: Use `ite_eq_right` instead
warning: OddOrder/Peterfalvi/S12_MaximalIII_IV_V_Core/DadeCalculations.lean:460:34: `if_neg` has been deprecated: Use `ite_eq_right` instead
warning: OddOrder/Peterfalvi/S12_MaximalIII_IV_V_Core/DadeCalculations.lean:462:10: `if_neg` has been deprecated: Use `ite_eq_right` instead
warning: OddOrder/Peterfalvi/S12_MaximalIII_IV_V_Core/DadeCalculations.lean:463:8: `if_neg` has been deprecated: Use `ite_eq_right` instead
warning: OddOrder/Peterfalvi/S12_MaximalIII_IV_V_Core/DadeCalculations.lean:475:6: `if_neg` has been deprecated: Use `ite_eq_right` instead
warning: OddOrder/Peterfalvi/S12_MaximalIII_IV_V_Core/DadeCalculations.lean:644:51: `dif_pos` has been deprecated: Use `dite_eq_left` instead
warning: OddOrder/Peterfalvi/S12_MaximalIII_IV_V_Core/DadeCalculations.lean:1100:63: `if_pos` has been deprecated: Use `ite_eq_left` instead
warning: OddOrder/Peterfalvi/S12_MaximalIII_IV_V_Core/DadeCalculations.lean:1101:6: `if_neg` has been deprecated: Use `ite_eq_right` instead
⚠ [4103/4187] Replayed OddOrder.Peterfalvi.S12_HcBound
warning: OddOrder/Peterfalvi/S12_HcBound.lean:759:59: `if_pos` has been deprecated: Use `ite_eq_left` instead
warning: OddOrder/Peterfalvi/S12_HcBound.lean:762:8: `if_neg` has been deprecated: Use `ite_eq_right` instead
⚠ [4104/4187] Replayed OddOrder.Peterfalvi.S12_Section9Counts
warning: OddOrder/Peterfalvi/S12_Section9Counts.lean:1157:8: `if_neg` has been deprecated: Use `ite_eq_right` instead
⚠ [4107/4187] Replayed OddOrder.Peterfalvi.S12_TypeIIFrobenius
warning: OddOrder/Peterfalvi/S12_TypeIIFrobenius.lean:705:8: `dif_pos` has been deprecated: Use `dite_eq_left` instead
warning: OddOrder/Peterfalvi/S12_TypeIIFrobenius.lean:744:6: `dif_neg` has been deprecated: Use `dite_eq_right` instead
warning: OddOrder/Peterfalvi/S12_TypeIIFrobenius.lean:848:59: `if_pos` has been deprecated: Use `ite_eq_left` instead
warning: OddOrder/Peterfalvi/S12_TypeIIFrobenius.lean:856:59: `if_pos` has been deprecated: Use `ite_eq_left` instead
warning: OddOrder/Peterfalvi/S12_TypeIIFrobenius.lean:931:10: `if_pos` has been deprecated: Use `ite_eq_left` instead
warning: OddOrder/Peterfalvi/S12_TypeIIFrobenius.lean:1108:12: `if_pos` has been deprecated: Use `ite_eq_left` instead
warning: OddOrder/Peterfalvi/S12_TypeIIFrobenius.lean:1114:12: `if_neg` has been deprecated: Use `ite_eq_right` instead
⚠ [4108/4187] Replayed OddOrder.Peterfalvi.S12_MaximalBasic
warning: OddOrder/Peterfalvi/S12_MaximalBasic.lean:1092:8: `if_neg` has been deprecated: Use `ite_eq_right` instead
⚠ [4109/4187] Replayed OddOrder.Peterfalvi.S12_Prop109
warning: OddOrder/Peterfalvi/S12_Prop109.lean:220:12: `if_pos` has been deprecated: Use `ite_eq_left` instead
warning: OddOrder/Peterfalvi/S12_Prop109.lean:220:35: `if_pos` has been deprecated: Use `ite_eq_left` instead
warning: OddOrder/Peterfalvi/S12_Prop109.lean:221:12: `if_neg` has been deprecated: Use `ite_eq_right` instead
warning: OddOrder/Peterfalvi/S12_Prop109.lean:221:45: `if_neg` has been deprecated: Use `ite_eq_right` instead
warning: OddOrder/Peterfalvi/S12_Prop109.lean:223:60: `if_neg` has been deprecated: Use `ite_eq_right` instead
warning: OddOrder/Peterfalvi/S12_Prop109.lean:233:34: `if_neg` has been deprecated: Use `ite_eq_right` instead
warning: OddOrder/Peterfalvi/S12_Prop109.lean:290:8: `if_neg` has been deprecated: Use `ite_eq_right` instead
warning: OddOrder/Peterfalvi/S12_Prop109.lean:330:44: `if_pos` has been deprecated: Use `ite_eq_left` instead
warning: OddOrder/Peterfalvi/S12_Prop109.lean:331:74: `if_neg` has been deprecated: Use `ite_eq_right` instead
warning: OddOrder/Peterfalvi/S12_Prop109.lean:361:34: `if_neg` has been deprecated: Use `ite_eq_right` instead
warning: OddOrder/Peterfalvi/S12_Prop109.lean:411:34: `if_pos` has been deprecated: Use `ite_eq_left` instead
warning: OddOrder/Peterfalvi/S12_Prop109.lean:470:34: `if_neg` has been deprecated: Use `ite_eq_right` instead
warning: OddOrder/Peterfalvi/S12_Prop109.lean:544:44: `if_pos` has been deprecated: Use `ite_eq_left` instead
warning: OddOrder/Peterfalvi/S12_Prop109.lean:545:74: `if_neg` has been deprecated: Use `ite_eq_right` instead
warning: OddOrder/Peterfalvi/S12_Prop109.lean:591:10: `if_neg` has been deprecated: Use `ite_eq_right` instead
warning: OddOrder/Peterfalvi/S12_Prop109.lean:591:21: `if_neg` has been deprecated: Use `ite_eq_right` instead
warning: OddOrder/Peterfalvi/S12_Prop109.lean:593:60: `if_neg` has been deprecated: Use `ite_eq_right` instead
warning: OddOrder/Peterfalvi/S12_Prop109.lean:656:59: `if_pos` has been deprecated: Use `ite_eq_left` instead
warning: OddOrder/Peterfalvi/S12_Prop109.lean:658:60: `if_neg` has been deprecated: Use `ite_eq_right` instead
warning: OddOrder/Peterfalvi/S12_Prop109.lean:670:9: `if_pos` has been deprecated: Use `ite_eq_left` instead
warning: OddOrder/Peterfalvi/S12_Prop109.lean:1054:60: `if_pos` has been deprecated: Use `ite_eq_left` instead
warning: OddOrder/Peterfalvi/S12_Prop109.lean:1069:60: `if_neg` has been deprecated: Use `ite_eq_right` instead
⚠ [4110/4187] Replayed OddOrder.Peterfalvi.S12_Props109To1011
warning: OddOrder/Peterfalvi/S12_Props109To1011.lean:184:81: `if_true` has been deprecated: Use `ite_true` instead
warning: OddOrder/Peterfalvi/S12_Props109To1011.lean:451:42: `if_pos` has been deprecated: Use `ite_eq_left` instead
warning: OddOrder/Peterfalvi/S12_Props109To1011.lean:543:42: `if_pos` has been deprecated: Use `ite_eq_left` instead
warning: OddOrder/Peterfalvi/S12_Props109To1011.lean:821:22: `if_pos` has been deprecated: Use `ite_eq_left` instead
warning: OddOrder/Peterfalvi/S12_Props109To1011.lean:827:8: `if_neg` has been deprecated: Use `ite_eq_right` instead
warning: OddOrder/Peterfalvi/S12_Props109To1011.lean:1161:57: `if_neg` has been deprecated: Use `ite_eq_right` instead
warning: OddOrder/Peterfalvi/S12_Props109To1011.lean:1166:46: `if_pos` has been deprecated: Use `ite_eq_left` instead
⚠ [4111/4187] Replayed OddOrder.Peterfalvi.S12_MaximalTypesSetup
warning: OddOrder/Peterfalvi/S12_MaximalTypesSetup.lean:158:34: `if_pos` has been deprecated: Use `ite_eq_left` instead
warning: OddOrder/Peterfalvi/S12_MaximalTypesSetup.lean:160:35: `if_neg` has been deprecated: Use `ite_eq_right` instead
warning: OddOrder/Peterfalvi/S12_MaximalTypesSetup.lean:167:59: `if_pos` has been deprecated: Use `ite_eq_left` instead
warning: OddOrder/Peterfalvi/S12_MaximalTypesSetup.lean:169:60: `if_neg` has been deprecated: Use `ite_eq_right` instead
warning: OddOrder/Peterfalvi/S12_MaximalTypesSetup.lean:316:38: `if_neg` has been deprecated: Use `ite_eq_right` instead
⚠ [4113/4187] Replayed OddOrder.Peterfalvi.S12_MaximalIII_IV_V
warning: OddOrder/Peterfalvi/S12_MaximalIII_IV_V.lean:150:64: `if_pos` has been deprecated: Use `ite_eq_left` instead
warning: OddOrder/Peterfalvi/S12_MaximalIII_IV_V.lean:151:6: `if_neg` has been deprecated: Use `ite_eq_right` instead
warning: OddOrder/Peterfalvi/S12_MaximalIII_IV_V.lean:238:6: `if_neg` has been deprecated: Use `ite_eq_right` instead
warning: OddOrder/Peterfalvi/S12_MaximalIII_IV_V.lean:238:33: `if_neg` has been deprecated: Use `ite_eq_right` instead
warning: OddOrder/Peterfalvi/S12_MaximalIII_IV_V.lean:299:34: `if_neg` has been deprecated: Use `ite_eq_right` instead
warning: OddOrder/Peterfalvi/S12_MaximalIII_IV_V.lean:684:79: `if_neg` has been deprecated: Use `ite_eq_right` instead
warning: OddOrder/Peterfalvi/S12_MaximalIII_IV_V.lean:686:36: `if_pos` has been deprecated: Use `ite_eq_left` instead
warning: OddOrder/Peterfalvi/S12_MaximalIII_IV_V.lean:699:10: `if_pos` has been deprecated: Use `ite_eq_left` instead
warning: OddOrder/Peterfalvi/S12_MaximalIII_IV_V.lean:699:21: `if_pos` has been deprecated: Use `ite_eq_left` instead
warning: OddOrder/Peterfalvi/S12_MaximalIII_IV_V.lean:700:10: `if_neg` has been deprecated: Use `ite_eq_right` instead
warning: OddOrder/Peterfalvi/S12_MaximalIII_IV_V.lean:700:21: `if_neg` has been deprecated: Use `ite_eq_right` instead
⚠ [4114/4187] Replayed OddOrder.Peterfalvi.S13_SixTwoBridge
warning: OddOrder/Peterfalvi/S13_SixTwoBridge.lean:597:10: `if_neg` has been deprecated: Use `ite_eq_right` instead
⚠ [4116/4187] Replayed OddOrder.Peterfalvi.S12_TICyclicSigmaBridge
warning: OddOrder/Peterfalvi/S12_TICyclicSigmaBridge.lean:329:49: `if_pos` has been deprecated: Use `ite_eq_left` instead
warning: OddOrder/Peterfalvi/S12_TICyclicSigmaBridge.lean:426:72: `if_pos` has been deprecated: Use `ite_eq_left` instead
⚠ [4118/4187] Replayed OddOrder.Peterfalvi.S13_SixTwoImageData
warning: OddOrder/Peterfalvi/S13_SixTwoImageData.lean:250:2: `dif_pos` has been deprecated: Use `dite_eq_left` instead
warning: OddOrder/Peterfalvi/S13_SixTwoImageData.lean:266:2: `dif_neg` has been deprecated: Use `dite_eq_right` instead
warning: OddOrder/Peterfalvi/S13_SixTwoImageData.lean:376:61: `if_neg` has been deprecated: Use `ite_eq_right` instead
⚠ [4119/4187] Replayed OddOrder.Peterfalvi.S13_Lemmas113To115
warning: OddOrder/Peterfalvi/S13_Lemmas113To115.lean:987:57: `if_pos` has been deprecated: Use `ite_eq_left` instead
warning: OddOrder/Peterfalvi/S13_Lemmas113To115.lean:993:57: `if_pos` has been deprecated: Use `ite_eq_left` instead
warning: OddOrder/Peterfalvi/S13_Lemmas113To115.lean:1001:10: `if_neg` has been deprecated: Use `ite_eq_right` instead
warning: OddOrder/Peterfalvi/S13_Lemmas113To115.lean:1009:10: `if_neg` has been deprecated: Use `ite_eq_right` instead
⚠ [4120/4187] Replayed OddOrder.Peterfalvi.S13_MaximalIII_IV
warning: OddOrder/Peterfalvi/S13_MaximalIII_IV.lean:512:6: `dif_pos` has been deprecated: Use `dite_eq_left` instead
warning: OddOrder/Peterfalvi/S13_MaximalIII_IV.lean:541:6: `dif_neg` has been deprecated: Use `dite_eq_right` instead
warning: OddOrder/Peterfalvi/S13_MaximalIII_IV.lean:673:59: `if_pos` has been deprecated: Use `ite_eq_left` instead
warning: OddOrder/Peterfalvi/S13_MaximalIII_IV.lean:682:59: `if_pos` has been deprecated: Use `ite_eq_left` instead
warning: OddOrder/Peterfalvi/S13_MaximalIII_IV.lean:883:2: `dif_pos` has been deprecated: Use `dite_eq_left` instead
⚠ [4127/4187] Replayed OddOrder.GroupTheory.RepresentationTheory.InducedInvariantConstituent
warning: OddOrder/GroupTheory/RepresentationTheory/InducedInvariantConstituent.lean:115:44: `if_neg` has been deprecated: Use `ite_eq_right` instead
warning: OddOrder/GroupTheory/RepresentationTheory/InducedInvariantConstituent.lean:428:44: `if_neg` has been deprecated: Use `ite_eq_right` instead
⚠ [4129/4187] Replayed OddOrder.Peterfalvi.S14_MaximalI.Hypothesis
warning: OddOrder/Peterfalvi/S14_MaximalI/Hypothesis.lean:523:10: `if_neg` has been deprecated: Use `ite_eq_right` instead
warning: OddOrder/Peterfalvi/S14_MaximalI/Hypothesis.lean:527:44: `if_neg` has been deprecated: Use `ite_eq_right` instead
warning: OddOrder/Peterfalvi/S14_MaximalI/Hypothesis.lean:528:38: `if_pos` has been deprecated: Use `ite_eq_left` instead
warning: OddOrder/Peterfalvi/S14_MaximalI/Hypothesis.lean:578:43: `if_neg` has been deprecated: Use `ite_eq_right` instead
warning: OddOrder/Peterfalvi/S14_MaximalI/Hypothesis.lean:582:48: `if_pos` has been deprecated: Use `ite_eq_left` instead
⚠ [4130/4187] Replayed OddOrder.Peterfalvi.S14_MaximalI.RhoConstancyDecomposition
warning: OddOrder/Peterfalvi/S14_MaximalI/RhoConstancyDecomposition.lean:375:4: `if_neg` has been deprecated: Use `ite_eq_right` instead
warning: OddOrder/Peterfalvi/S14_MaximalI/RhoConstancyDecomposition.lean:375:16: `if_neg` has been deprecated: Use `ite_eq_right` instead
warning: OddOrder/Peterfalvi/S14_MaximalI/RhoConstancyDecomposition.lean:375:27: `if_neg` has been deprecated: Use `ite_eq_right` instead
warning: OddOrder/Peterfalvi/S14_MaximalI/RhoConstancyDecomposition.lean:375:38: `if_neg` has been deprecated: Use `ite_eq_right` instead
warning: OddOrder/Peterfalvi/S14_MaximalI/RhoConstancyDecomposition.lean:435:4: `if_neg` has been deprecated: Use `ite_eq_right` instead
warning: OddOrder/Peterfalvi/S14_MaximalI/RhoConstancyDecomposition.lean:435:16: `if_neg` has been deprecated: Use `ite_eq_right` instead
warning: OddOrder/Peterfalvi/S14_MaximalI/RhoConstancyDecomposition.lean:435:27: `if_neg` has been deprecated: Use `ite_eq_right` instead
warning: OddOrder/Peterfalvi/S14_MaximalI/RhoConstancyDecomposition.lean:435:38: `if_neg` has been deprecated: Use `ite_eq_right` instead
warning: OddOrder/Peterfalvi/S14_MaximalI/RhoConstancyDecomposition.lean:567:51: `if_neg` has been deprecated: Use `ite_eq_right` instead
warning: OddOrder/Peterfalvi/S14_MaximalI/RhoConstancyDecomposition.lean:567:63: `if_neg` has been deprecated: Use `ite_eq_right` instead
warning: OddOrder/Peterfalvi/S14_MaximalI/RhoConstancyDecomposition.lean:582:23: `if_pos` has been deprecated: Use `ite_eq_left` instead
warning: OddOrder/Peterfalvi/S14_MaximalI/RhoConstancyDecomposition.lean:728:9: `if_pos` has been deprecated: Use `ite_eq_left` instead
warning: OddOrder/Peterfalvi/S14_MaximalI/RhoConstancyDecomposition.lean:728:21: `if_neg` has been deprecated: Use `ite_eq_right` instead
warning: OddOrder/Peterfalvi/S14_MaximalI/RhoConstancyDecomposition.lean:732:9: `if_neg` has been deprecated: Use `ite_eq_right` instead
warning: OddOrder/Peterfalvi/S14_MaximalI/RhoConstancyDecomposition.lean:732:21: `if_pos` has been deprecated: Use `ite_eq_left` instead
warning: OddOrder/Peterfalvi/S14_MaximalI/RhoConstancyDecomposition.lean:736:8: `if_pos` has been deprecated: Use `ite_eq_left` instead
warning: OddOrder/Peterfalvi/S14_MaximalI/RhoConstancyDecomposition.lean:736:20: `if_neg` has been deprecated: Use `ite_eq_right` instead
warning: OddOrder/Peterfalvi/S14_MaximalI/RhoConstancyDecomposition.lean:738:8: `if_neg` has been deprecated: Use `ite_eq_right` instead
warning: OddOrder/Peterfalvi/S14_MaximalI/RhoConstancyDecomposition.lean:741:10: `if_neg` has been deprecated: Use `ite_eq_right` instead
warning: OddOrder/Peterfalvi/S14_MaximalI/RhoConstancyDecomposition.lean:745:10: `if_neg` has been deprecated: Use `ite_eq_right` instead
warning: OddOrder/Peterfalvi/S14_MaximalI/RhoConstancyDecomposition.lean:745:22: `if_pos` has been deprecated: Use `ite_eq_left` instead
warning: OddOrder/Peterfalvi/S14_MaximalI/RhoConstancyDecomposition.lean:747:10: `if_neg` has been deprecated: Use `ite_eq_right` instead
warning: OddOrder/Peterfalvi/S14_MaximalI/RhoConstancyDecomposition.lean:750:12: `if_neg` has been deprecated: Use `ite_eq_right` instead
warning: OddOrder/Peterfalvi/S14_MaximalI/RhoConstancyDecomposition.lean:753:10: `if_neg` has been deprecated: Use `ite_eq_right` instead
warning: OddOrder/Peterfalvi/S14_MaximalI/RhoConstancyDecomposition.lean:753:22: `if_neg` has been deprecated: Use `ite_eq_right` instead
warning: OddOrder/Peterfalvi/S14_MaximalI/RhoConstancyDecomposition.lean:910:15: `dif_pos` has been deprecated: Use `dite_eq_left` instead
warning: OddOrder/Peterfalvi/S14_MaximalI/RhoConstancyDecomposition.lean:910:28: `dif_pos` has been deprecated: Use `dite_eq_left` instead
warning: OddOrder/Peterfalvi/S14_MaximalI/RhoConstancyDecomposition.lean:940:15: `dif_pos` has been deprecated: Use `dite_eq_left` instead
warning: OddOrder/Peterfalvi/S14_MaximalI/RhoConstancyDecomposition.lean:940:28: `dif_pos` has been deprecated: Use `dite_eq_left` instead
⚠ [4131/4187] Replayed OddOrder.Peterfalvi.S14_MaximalI.RhoConstancy
warning: OddOrder/Peterfalvi/S14_MaximalI/RhoConstancy.lean:176:8: `if_neg` has been deprecated: Use `ite_eq_right` instead
warning: OddOrder/Peterfalvi/S14_MaximalI/RhoConstancy.lean:375:10: `if_pos` has been deprecated: Use `ite_eq_left` instead
warning: OddOrder/Peterfalvi/S14_MaximalI/RhoConstancy.lean:383:10: `if_neg` has been deprecated: Use `ite_eq_right` instead
warning: OddOrder/Peterfalvi/S14_MaximalI/RhoConstancy.lean:531:40: `if_neg` has been deprecated: Use `ite_eq_right` instead
warning: OddOrder/Peterfalvi/S14_MaximalI/RhoConstancy.lean:532:34: `if_pos` has been deprecated: Use `ite_eq_left` instead
warning: OddOrder/Peterfalvi/S14_MaximalI/RhoConstancy.lean:541:10: `if_pos` has been deprecated: Use `ite_eq_left` instead
warning: OddOrder/Peterfalvi/S14_MaximalI/RhoConstancy.lean:545:10: `if_neg` has been deprecated: Use `ite_eq_right` instead
warning: OddOrder/Peterfalvi/S14_MaximalI/RhoConstancy.lean:727:82: `if_neg` has been deprecated: Use `ite_eq_right` instead
warning: OddOrder/Peterfalvi/S14_MaximalI/RhoConstancy.lean:733:40: `if_neg` has been deprecated: Use `ite_eq_right` instead
warning: OddOrder/Peterfalvi/S14_MaximalI/RhoConstancy.lean:734:34: `if_pos` has been deprecated: Use `ite_eq_left` instead
warning: OddOrder/Peterfalvi/S14_MaximalI/RhoConstancy.lean:783:34: `if_neg` has been deprecated: Use `ite_eq_right` instead
warning: OddOrder/Peterfalvi/S14_MaximalI/RhoConstancy.lean:834:42: `if_neg` has been deprecated: Use `ite_eq_right` instead
warning: OddOrder/Peterfalvi/S14_MaximalI/RhoConstancy.lean:835:36: `if_pos` has been deprecated: Use `ite_eq_left` instead
warning: OddOrder/Peterfalvi/S14_MaximalI/RhoConstancy.lean:887:84: `dif_pos` has been deprecated: Use `dite_eq_left` instead
⚠ [4132/4187] Replayed OddOrder.Peterfalvi.S14_MaximalI.PairCoherence
warning: OddOrder/Peterfalvi/S14_MaximalI/PairCoherence.lean:96:64: `if_pos` has been deprecated: Use `ite_eq_left` instead
warning: OddOrder/Peterfalvi/S14_MaximalI/PairCoherence.lean:111:84: `if_neg` has been deprecated: Use `ite_eq_right` instead
warning: OddOrder/Peterfalvi/S14_MaximalI/PairCoherence.lean:234:10: `if_neg` has been deprecated: Use `ite_eq_right` instead
⚠ [4133/4187] Replayed OddOrder.Peterfalvi.S14_MaximalI.FrobeniusStructureBasic
warning: OddOrder/Peterfalvi/S14_MaximalI/FrobeniusStructureBasic.lean:313:45: `if_pos` has been deprecated: Use `ite_eq_left` instead
warning: OddOrder/Peterfalvi/S14_MaximalI/FrobeniusStructureBasic.lean:314:61: `if_neg` has been deprecated: Use `ite_eq_right` instead
warning: OddOrder/Peterfalvi/S14_MaximalI/FrobeniusStructureBasic.lean:320:9: `if_neg` has been deprecated: Use `ite_eq_right` instead
warning: OddOrder/Peterfalvi/S14_MaximalI/FrobeniusStructureBasic.lean:447:60: `if_neg` has been deprecated: Use `ite_eq_right` instead
warning: OddOrder/Peterfalvi/S14_MaximalI/FrobeniusStructureBasic.lean:608:10: `if_neg` has been deprecated: Use `ite_eq_right` instead
warning: OddOrder/Peterfalvi/S14_MaximalI/FrobeniusStructureBasic.lean:608:43: `if_neg` has been deprecated: Use `ite_eq_right` instead
⚠ [4134/4187] Replayed OddOrder.Peterfalvi.S14_MaximalI.FrobeniusStructure
warning: OddOrder/Peterfalvi/S14_MaximalI/FrobeniusStructure.lean:53:9: `if_neg` has been deprecated: Use `ite_eq_right` instead
warning: OddOrder/Peterfalvi/S14_MaximalI/FrobeniusStructure.lean:60:9: `if_neg` has been deprecated: Use `ite_eq_right` instead
⚠ [4138/4187] Replayed OddOrder.Peterfalvi.S13_CoreStructure.KernelBounds
warning: OddOrder/Peterfalvi/S13_CoreStructure/KernelBounds.lean:113:28: `if_neg` has been deprecated: Use `ite_eq_right` instead
⚠ [4139/4187] Replayed OddOrder.Peterfalvi.S13_CoreStructure
warning: OddOrder/Peterfalvi/S13_CoreStructure.lean:815:59: `if_pos` has been deprecated: Use `ite_eq_left` instead
⚠ [4140/4187] Replayed OddOrder.Peterfalvi.S07_UnionPairBridge
warning: OddOrder/Peterfalvi/S07_UnionPairBridge.lean:400:50: `if_neg` has been deprecated: Use `ite_eq_right` instead
warning: OddOrder/Peterfalvi/S07_UnionPairBridge.lean:402:26: `if_pos` has been deprecated: Use `ite_eq_left` instead
warning: OddOrder/Peterfalvi/S07_UnionPairBridge.lean:408:50: `if_neg` has been deprecated: Use `ite_eq_right` instead
warning: OddOrder/Peterfalvi/S07_UnionPairBridge.lean:410:26: `if_pos` has been deprecated: Use `ite_eq_left` instead
⚠ [4143/4187] Replayed OddOrder.BG.Ch4_FamilyOfMaximal.S16_MainResults.TheoremIIPackaging
warning: OddOrder/BG/Ch4_FamilyOfMaximal/S16_MainResults/TheoremIIPackaging.lean:333:54: `dif_pos` has been deprecated: Use `dite_eq_left` instead
⚠ [4150/4187] Replayed OddOrder.Peterfalvi.S11_NineElevenCoherence
warning: OddOrder/Peterfalvi/S11_NineElevenCoherence.lean:497:9: `if_pos` has been deprecated: Use `ite_eq_left` instead
⚠ [4152/4187] Replayed OddOrder.Peterfalvi.S11_NineElevenRFamily
warning: OddOrder/Peterfalvi/S11_NineElevenRFamily.lean:250:6: `dif_pos` has been deprecated: Use `dite_eq_left` instead
warning: OddOrder/Peterfalvi/S11_NineElevenRFamily.lean:278:6: `dif_neg` has been deprecated: Use `dite_eq_right` instead
warning: OddOrder/Peterfalvi/S11_NineElevenRFamily.lean:419:59: `if_pos` has been deprecated: Use `ite_eq_left` instead
warning: OddOrder/Peterfalvi/S11_NineElevenRFamily.lean:426:59: `if_pos` has been deprecated: Use `ite_eq_left` instead
warning: OddOrder/Peterfalvi/S11_NineElevenRFamily.lean:448:59: `if_pos` has been deprecated: Use `ite_eq_left` instead
⚠ [4153/4187] Replayed OddOrder.Peterfalvi.S11_NineElevenTwoSummand
warning: OddOrder/Peterfalvi/S11_NineElevenTwoSummand.lean:583:85: `if_pos` has been deprecated: Use `ite_eq_left` instead
⚠ [4154/4187] Replayed OddOrder.Peterfalvi.S11_NineElevenMackeyNorm
warning: OddOrder/Peterfalvi/S11_NineElevenMackeyNorm.lean:303:48: `if_pos` has been deprecated: Use `ite_eq_left` instead
warning: OddOrder/Peterfalvi/S11_NineElevenMackeyNorm.lean:304:52: `if_neg` has been deprecated: Use `ite_eq_right` instead
⚠ [4156/4187] Replayed OddOrder.Peterfalvi.S11_NineElevenSubcoherentBridge
warning: OddOrder/Peterfalvi/S11_NineElevenSubcoherentBridge.lean:1175:10: `if_pos` has been deprecated: Use `ite_eq_left` instead
warning: OddOrder/Peterfalvi/S11_NineElevenSubcoherentBridge.lean:1177:10: `if_neg` has been deprecated: Use `ite_eq_right` instead
⚠ [4157/4187] Replayed OddOrder.Peterfalvi.S11_NineElevenCaseAResidual
warning: OddOrder/Peterfalvi/S11_NineElevenCaseAResidual.lean:368:11: `if_pos` has been deprecated: Use `ite_eq_left` instead
warning: OddOrder/Peterfalvi/S11_NineElevenCaseAResidual.lean:476:9: `if_pos` has been deprecated: Use `ite_eq_left` instead
warning: OddOrder/Peterfalvi/S11_NineElevenCaseAResidual.lean:737:23: `if_pos` has been deprecated: Use `ite_eq_left` instead
warning: OddOrder/Peterfalvi/S11_NineElevenCaseAResidual.lean:738:14: `if_neg` has been deprecated: Use `ite_eq_right` instead
warning: OddOrder/Peterfalvi/S11_NineElevenCaseAResidual.lean:746:14: `if_pos` has been deprecated: Use `ite_eq_left` instead
warning: OddOrder/Peterfalvi/S11_NineElevenCaseAResidual.lean:748:14: `if_neg` has been deprecated: Use `ite_eq_right` instead
⚠ [4159/4187] Replayed OddOrder.Peterfalvi.S11_NineElevenAlphaBound
warning: OddOrder/Peterfalvi/S11_NineElevenAlphaBound.lean:162:6: `dif_pos` has been deprecated: Use `dite_eq_left` instead
warning: OddOrder/Peterfalvi/S11_NineElevenAlphaBound.lean:185:6: `dif_neg` has been deprecated: Use `dite_eq_right` instead
warning: OddOrder/Peterfalvi/S11_NineElevenAlphaBound.lean:269:59: `if_pos` has been deprecated: Use `ite_eq_left` instead
warning: OddOrder/Peterfalvi/S11_NineElevenAlphaBound.lean:278:59: `if_pos` has been deprecated: Use `ite_eq_left` instead
warning: OddOrder/Peterfalvi/S11_NineElevenAlphaBound.lean:386:6: `dif_pos` has been deprecated: Use `dite_eq_left` instead
warning: OddOrder/Peterfalvi/S11_NineElevenAlphaBound.lean:407:6: `dif_neg` has been deprecated: Use `dite_eq_right` instead
warning: OddOrder/Peterfalvi/S11_NineElevenAlphaBound.lean:491:59: `if_pos` has been deprecated: Use `ite_eq_left` instead
warning: OddOrder/Peterfalvi/S11_NineElevenAlphaBound.lean:500:59: `if_pos` has been deprecated: Use `ite_eq_left` instead
⚠ [4161/4187] Replayed OddOrder.Peterfalvi.S13_Orthogonality
warning: OddOrder/Peterfalvi/S13_Orthogonality.lean:701:10: `if_neg` has been deprecated: Use `ite_eq_right` instead
warning: OddOrder/Peterfalvi/S13_Orthogonality.lean:703:78: `if_pos` has been deprecated: Use `ite_eq_left` instead
warning: OddOrder/Peterfalvi/S13_Orthogonality.lean:790:10: `if_pos` has been deprecated: Use `ite_eq_left` instead
warning: OddOrder/Peterfalvi/S13_Orthogonality.lean:792:10: `if_neg` has been deprecated: Use `ite_eq_right` instead
warning: OddOrder/Peterfalvi/S13_Orthogonality.lean:804:10: `if_pos` has been deprecated: Use `ite_eq_left` instead
warning: OddOrder/Peterfalvi/S13_Orthogonality.lean:813:14: `if_neg` has been deprecated: Use `ite_eq_right` instead
warning: OddOrder/Peterfalvi/S13_Orthogonality.lean:815:68: `if_pos` has been deprecated: Use `ite_eq_left` instead
warning: OddOrder/Peterfalvi/S13_Orthogonality.lean:818:10: `if_neg` has been deprecated: Use `ite_eq_right` instead
warning: OddOrder/Peterfalvi/S13_Orthogonality.lean:823:8: `if_neg` has been deprecated: Use `ite_eq_right` instead
warning: OddOrder/Peterfalvi/S13_Orthogonality.lean:835:21: `if_pos` has been deprecated: Use `ite_eq_left` instead
warning: OddOrder/Peterfalvi/S13_Orthogonality.lean:835:33: `if_pos` has been deprecated: Use `ite_eq_left` instead
warning: OddOrder/Peterfalvi/S13_Orthogonality.lean:836:10: `if_neg` has been deprecated: Use `ite_eq_right` instead
warning: OddOrder/Peterfalvi/S13_Orthogonality.lean:836:48: `if_neg` has been deprecated: Use `ite_eq_right` instead
warning: OddOrder/Peterfalvi/S13_Orthogonality.lean:839:31: `if_neg` has been deprecated: Use `ite_eq_right` instead
warning: OddOrder/Peterfalvi/S13_Orthogonality.lean:841:25: `if_pos` has been deprecated: Use `ite_eq_left` instead
warning: OddOrder/Peterfalvi/S13_Orthogonality.lean:899:29: `if_pos` has been deprecated: Use `ite_eq_left` instead
warning: OddOrder/Peterfalvi/S13_Orthogonality.lean:899:41: `if_pos` has been deprecated: Use `ite_eq_left` instead
warning: OddOrder/Peterfalvi/S13_Orthogonality.lean:900:18: `if_neg` has been deprecated: Use `ite_eq_right` instead
warning: OddOrder/Peterfalvi/S13_Orthogonality.lean:900:56: `if_neg` has been deprecated: Use `ite_eq_right` instead
warning: OddOrder/Peterfalvi/S13_Orthogonality.lean:983:38: `if_pos` has been deprecated: Use `ite_eq_left` instead
warning: OddOrder/Peterfalvi/S13_Orthogonality.lean:985:8: `if_neg` has been deprecated: Use `ite_eq_right` instead
⚠ [4163/4187] Replayed OddOrder.Peterfalvi.S13_TypeIIIGalois
warning: OddOrder/Peterfalvi/S13_TypeIIIGalois.lean:188:8: `if_neg` has been deprecated: Use `ite_eq_right` instead
warning: OddOrder/Peterfalvi/S13_TypeIIIGalois.lean:191:34: `if_pos` has been deprecated: Use `ite_eq_left` instead
warning: OddOrder/Peterfalvi/S13_TypeIIIGalois.lean:255:8: `if_neg` has been deprecated: Use `ite_eq_right` instead
warning: OddOrder/Peterfalvi/S13_TypeIIIGalois.lean:258:34: `if_pos` has been deprecated: Use `ite_eq_left` instead
warning: OddOrder/Peterfalvi/S13_TypeIIIGalois.lean:302:10: `if_pos` has been deprecated: Use `ite_eq_left` instead
warning: OddOrder/Peterfalvi/S13_TypeIIIGalois.lean:302:33: `if_pos` has been deprecated: Use `ite_eq_left` instead
warning: OddOrder/Peterfalvi/S13_TypeIIIGalois.lean:303:10: `if_neg` has been deprecated: Use `ite_eq_right` instead
warning: OddOrder/Peterfalvi/S13_TypeIIIGalois.lean:303:43: `if_neg` has been deprecated: Use `ite_eq_right` instead
warning: OddOrder/Peterfalvi/S13_TypeIIIGalois.lean:305:57: `if_neg` has been deprecated: Use `ite_eq_right` instead
warning: OddOrder/Peterfalvi/S13_TypeIIIGalois.lean:371:34: `if_neg` has been deprecated: Use `ite_eq_right` instead
warning: OddOrder/Peterfalvi/S13_TypeIIIGalois.lean:544:18: `if_pos` has been deprecated: Use `ite_eq_left` instead
warning: OddOrder/Peterfalvi/S13_TypeIIIGalois.lean:545:27: `if_pos` has been deprecated: Use `ite_eq_left` instead
warning: OddOrder/Peterfalvi/S13_TypeIIIGalois.lean:547:26: `if_neg` has been deprecated: Use `ite_eq_right` instead
warning: OddOrder/Peterfalvi/S13_TypeIIIGalois.lean:548:37: `if_neg` has been deprecated: Use `ite_eq_right` instead
warning: OddOrder/Peterfalvi/S13_TypeIIIGalois.lean:555:16: `if_pos` has been deprecated: Use `ite_eq_left` instead
warning: OddOrder/Peterfalvi/S13_TypeIIIGalois.lean:556:24: `if_pos` has been deprecated: Use `ite_eq_left` instead
warning: OddOrder/Peterfalvi/S13_TypeIIIGalois.lean:558:24: `if_neg` has been deprecated: Use `ite_eq_right` instead
warning: OddOrder/Peterfalvi/S13_TypeIIIGalois.lean:559:34: `if_neg` has been deprecated: Use `ite_eq_right` instead
⚠ [4164/4187] Replayed OddOrder.Peterfalvi.S12_TypeIIColumnPin
warning: OddOrder/Peterfalvi/S12_TypeIIColumnPin.lean:118:6: `if_neg` has been deprecated: Use `ite_eq_right` instead
warning: OddOrder/Peterfalvi/S12_TypeIIColumnPin.lean:182:55: `if_pos` has been deprecated: Use `ite_eq_left` instead
warning: OddOrder/Peterfalvi/S12_TypeIIColumnPin.lean:242:9: `if_neg` has been deprecated: Use `ite_eq_right` instead
warning: OddOrder/Peterfalvi/S12_TypeIIColumnPin.lean:286:9: `if_pos` has been deprecated: Use `ite_eq_left` instead
warning: OddOrder/Peterfalvi/S12_TypeIIColumnPin.lean:393:66: `if_pos` has been deprecated: Use `ite_eq_left` instead
warning: OddOrder/Peterfalvi/S12_TypeIIColumnPin.lean:395:66: `if_pos` has been deprecated: Use `ite_eq_left` instead
warning: OddOrder/Peterfalvi/S12_TypeIIColumnPin.lean:397:66: `if_neg` has been deprecated: Use `ite_eq_right` instead
warning: OddOrder/Peterfalvi/S12_TypeIIColumnPin.lean:400:9: `if_neg` has been deprecated: Use `ite_eq_right` instead
warning: OddOrder/Peterfalvi/S12_TypeIIColumnPin.lean:467:52: `if_pos` has been deprecated: Use `ite_eq_left` instead
warning: OddOrder/Peterfalvi/S12_TypeIIColumnPin.lean:471:12: `if_neg` has been deprecated: Use `ite_eq_right` instead
warning: OddOrder/Peterfalvi/S12_TypeIIColumnPin.lean:1034:8: `if_neg` has been deprecated: Use `ite_eq_right` instead
warning: OddOrder/Peterfalvi/S12_TypeIIColumnPin.lean:1038:8: `if_neg` has been deprecated: Use `ite_eq_right` instead
warning: OddOrder/Peterfalvi/S12_TypeIIColumnPin.lean:1076:12: `if_neg` has been deprecated: Use `ite_eq_right` instead
warning: OddOrder/Peterfalvi/S12_TypeIIColumnPin.lean:1077:34: `if_pos` has been deprecated: Use `ite_eq_left` instead
warning: OddOrder/Peterfalvi/S12_TypeIIColumnPin.lean:1085:10: `if_neg` has been deprecated: Use `ite_eq_right` instead
warning: OddOrder/Peterfalvi/S12_TypeIIColumnPin.lean:1121:12: `if_neg` has been deprecated: Use `ite_eq_right` instead
warning: OddOrder/Peterfalvi/S12_TypeIIColumnPin.lean:1122:34: `if_pos` has been deprecated: Use `ite_eq_left` instead
warning: OddOrder/Peterfalvi/S12_TypeIIColumnPin.lean:1130:10: `if_neg` has been deprecated: Use `ite_eq_right` instead
warning: OddOrder/Peterfalvi/S12_TypeIIColumnPin.lean:1226:38: `if_neg` has been deprecated: Use `ite_eq_right` instead
warning: OddOrder/Peterfalvi/S12_TypeIIColumnPin.lean:1228:14: `if_pos` has been deprecated: Use `ite_eq_left` instead
warning: OddOrder/Peterfalvi/S12_TypeIIColumnPin.lean:1235:16: `if_pos` has been deprecated: Use `ite_eq_left` instead
warning: OddOrder/Peterfalvi/S12_TypeIIColumnPin.lean:1235:27: `if_neg` has been deprecated: Use `ite_eq_right` instead
warning: OddOrder/Peterfalvi/S12_TypeIIColumnPin.lean:1237:16: `if_neg` has been deprecated: Use `ite_eq_right` instead
⚠ [4169/4187] Replayed OddOrder.Peterfalvi.S12_CrossIsometrySetup
warning: OddOrder/Peterfalvi/S12_CrossIsometrySetup.lean:100:9: `if_neg` has been deprecated: Use `ite_eq_right` instead
warning: OddOrder/Peterfalvi/S12_CrossIsometrySetup.lean:203:63: `if_pos` has been deprecated: Use `ite_eq_left` instead
warning: OddOrder/Peterfalvi/S12_CrossIsometrySetup.lean:298:53: `if_neg` has been deprecated: Use `ite_eq_right` instead
warning: OddOrder/Peterfalvi/S12_CrossIsometrySetup.lean:361:9: `if_neg` has been deprecated: Use `ite_eq_right` instead
warning: OddOrder/Peterfalvi/S12_CrossIsometrySetup.lean:555:63: `if_neg` has been deprecated: Use `ite_eq_right` instead
warning: OddOrder/Peterfalvi/S12_CrossIsometrySetup.lean:599:42: `if_pos` has been deprecated: Use `ite_eq_left` instead
⚠ [4170/4187] Replayed OddOrder.Peterfalvi.S12_TypeIICrossIsometryPair
warning: OddOrder/Peterfalvi/S12_TypeIICrossIsometryPair.lean:570:6: `if_neg` has been deprecated: Use `ite_eq_right` instead
warning: OddOrder/Peterfalvi/S12_TypeIICrossIsometryPair.lean:596:6: `if_neg` has been deprecated: Use `ite_eq_right` instead
⚠ [4171/4187] Replayed OddOrder.Peterfalvi.S12_TypeVColumnCoherence
warning: OddOrder/Peterfalvi/S12_TypeVColumnCoherence.lean:398:26: `if_neg` has been deprecated: Use `ite_eq_right` instead
warning: OddOrder/Peterfalvi/S12_TypeVColumnCoherence.lean:398:38: `if_pos` has been deprecated: Use `ite_eq_left` instead
warning: OddOrder/Peterfalvi/S12_TypeVColumnCoherence.lean:417:19: `if_pos` has been deprecated: Use `ite_eq_left` instead
warning: OddOrder/Peterfalvi/S12_TypeVColumnCoherence.lean:429:61: `if_pos` has been deprecated: Use `ite_eq_left` instead
warning: OddOrder/Peterfalvi/S12_TypeVColumnCoherence.lean:432:10: `if_neg` has been deprecated: Use `ite_eq_right` instead
warning: OddOrder/Peterfalvi/S12_TypeVColumnCoherence.lean:498:8: `if_pos` has been deprecated: Use `ite_eq_left` instead
warning: OddOrder/Peterfalvi/S12_TypeVColumnCoherence.lean:509:8: `if_neg` has been deprecated: Use `ite_eq_right` instead
warning: OddOrder/Peterfalvi/S12_TypeVColumnCoherence.lean:529:8: `if_pos` has been deprecated: Use `ite_eq_left` instead
warning: OddOrder/Peterfalvi/S12_TypeVColumnCoherence.lean:535:61: `if_pos` has been deprecated: Use `ite_eq_left` instead
warning: OddOrder/Peterfalvi/S12_TypeVColumnCoherence.lean:538:10: `if_neg` has been deprecated: Use `ite_eq_right` instead
warning: OddOrder/Peterfalvi/S12_TypeVColumnCoherence.lean:542:8: `if_neg` has been deprecated: Use `ite_eq_right` instead
warning: OddOrder/Peterfalvi/S12_TypeVColumnCoherence.lean:546:58: `if_neg` has been deprecated: Use `ite_eq_right` instead
warning: OddOrder/Peterfalvi/S12_TypeVColumnCoherence.lean:639:6: `if_neg` has been deprecated: Use `ite_eq_right` instead
warning: OddOrder/Peterfalvi/S12_TypeVColumnCoherence.lean:643:55: `if_pos` has been deprecated: Use `ite_eq_left` instead
warning: OddOrder/Peterfalvi/S12_TypeVColumnCoherence.lean:757:43: `if_neg` has been deprecated: Use `ite_eq_right` instead
warning: OddOrder/Peterfalvi/S12_TypeVColumnCoherence.lean:760:43: `if_pos` has been deprecated: Use `ite_eq_left` instead
warning: OddOrder/Peterfalvi/S12_TypeVColumnCoherence.lean:766:66: `if_pos` has been deprecated: Use `ite_eq_left` instead
warning: OddOrder/Peterfalvi/S12_TypeVColumnCoherence.lean:835:10: `if_pos` has been deprecated: Use `ite_eq_left` instead
warning: OddOrder/Peterfalvi/S12_TypeVColumnCoherence.lean:835:22: `if_neg` has been deprecated: Use `ite_eq_right` instead
warning: OddOrder/Peterfalvi/S12_TypeVColumnCoherence.lean:848:10: `if_pos` has been deprecated: Use `ite_eq_left` instead
warning: OddOrder/Peterfalvi/S12_TypeVColumnCoherence.lean:849:10: `if_neg` has been deprecated: Use `ite_eq_right` instead
⚠ [4175/4187] Replayed OddOrder.Peterfalvi.S13_NonGaloisExclusion
warning: OddOrder/Peterfalvi/S13_NonGaloisExclusion.lean:298:10: `if_pos` has been deprecated: Use `ite_eq_left` instead
warning: OddOrder/Peterfalvi/S13_NonGaloisExclusion.lean:298:22: `if_pos` has been deprecated: Use `ite_eq_left` instead
warning: OddOrder/Peterfalvi/S13_NonGaloisExclusion.lean:299:10: `if_neg` has been deprecated: Use `ite_eq_right` instead
warning: OddOrder/Peterfalvi/S13_NonGaloisExclusion.lean:299:22: `if_neg` has been deprecated: Use `ite_eq_right` instead
warning: OddOrder/Peterfalvi/S13_NonGaloisExclusion.lean:315:59: `if_pos` has been deprecated: Use `ite_eq_left` instead
warning: OddOrder/Peterfalvi/S13_NonGaloisExclusion.lean:404:12: `if_pos` has been deprecated: Use `ite_eq_left` instead
warning: OddOrder/Peterfalvi/S13_NonGaloisExclusion.lean:404:25: `if_pos` has been deprecated: Use `ite_eq_left` instead
warning: OddOrder/Peterfalvi/S13_NonGaloisExclusion.lean:405:12: `if_neg` has been deprecated: Use `ite_eq_right` instead
warning: OddOrder/Peterfalvi/S13_NonGaloisExclusion.lean:405:25: `if_neg` has been deprecated: Use `ite_eq_right` instead
warning: OddOrder/Peterfalvi/S13_NonGaloisExclusion.lean:414:12: `if_pos` has been deprecated: Use `ite_eq_left` instead
warning: OddOrder/Peterfalvi/S13_NonGaloisExclusion.lean:414:24: `if_pos` has been deprecated: Use `ite_eq_left` instead
warning: OddOrder/Peterfalvi/S13_NonGaloisExclusion.lean:417:12: `if_neg` has been deprecated: Use `ite_eq_right` instead
warning: OddOrder/Peterfalvi/S13_NonGaloisExclusion.lean:417:24: `if_neg` has been deprecated: Use `ite_eq_right` instead
warning: OddOrder/Peterfalvi/S13_NonGaloisExclusion.lean:526:10: `if_pos` has been deprecated: Use `ite_eq_left` instead
warning: OddOrder/Peterfalvi/S13_NonGaloisExclusion.lean:526:37: `if_pos` has been deprecated: Use `ite_eq_left` instead
warning: OddOrder/Peterfalvi/S13_NonGaloisExclusion.lean:527:10: `if_neg` has been deprecated: Use `ite_eq_right` instead
warning: OddOrder/Peterfalvi/S13_NonGaloisExclusion.lean:527:49: `if_neg` has been deprecated: Use `ite_eq_right` instead
warning: OddOrder/Peterfalvi/S13_NonGaloisExclusion.lean:538:10: `if_pos` has been deprecated: Use `ite_eq_left` instead
warning: OddOrder/Peterfalvi/S13_NonGaloisExclusion.lean:538:37: `if_pos` has been deprecated: Use `ite_eq_left` instead
warning: OddOrder/Peterfalvi/S13_NonGaloisExclusion.lean:539:10: `if_neg` has been deprecated: Use `ite_eq_right` instead
warning: OddOrder/Peterfalvi/S13_NonGaloisExclusion.lean:539:49: `if_neg` has been deprecated: Use `ite_eq_right` instead
warning: OddOrder/Peterfalvi/S13_NonGaloisExclusion.lean:586:12: `if_pos` has been deprecated: Use `ite_eq_left` instead
warning: OddOrder/Peterfalvi/S13_NonGaloisExclusion.lean:586:24: `if_pos` has been deprecated: Use `ite_eq_left` instead
warning: OddOrder/Peterfalvi/S13_NonGaloisExclusion.lean:586:36: `if_neg` has been deprecated: Use `ite_eq_right` instead
warning: OddOrder/Peterfalvi/S13_NonGaloisExclusion.lean:587:12: `if_neg` has been deprecated: Use `ite_eq_right` instead
warning: OddOrder/Peterfalvi/S13_NonGaloisExclusion.lean:588:10: `if_neg` has been deprecated: Use `ite_eq_right` instead
warning: OddOrder/Peterfalvi/S13_NonGaloisExclusion.lean:589:10: `if_neg` has been deprecated: Use `ite_eq_right` instead
warning: OddOrder/Peterfalvi/S13_NonGaloisExclusion.lean:593:12: `if_pos` has been deprecated: Use `ite_eq_left` instead
warning: OddOrder/Peterfalvi/S13_NonGaloisExclusion.lean:593:24: `if_neg` has been deprecated: Use `ite_eq_right` instead
warning: OddOrder/Peterfalvi/S13_NonGaloisExclusion.lean:593:41: `if_pos` has been deprecated: Use `ite_eq_left` instead
warning: OddOrder/Peterfalvi/S13_NonGaloisExclusion.lean:594:12: `if_neg` has been deprecated: Use `ite_eq_right` instead
warning: OddOrder/Peterfalvi/S13_NonGaloisExclusion.lean:595:10: `if_neg` has been deprecated: Use `ite_eq_right` instead
warning: OddOrder/Peterfalvi/S13_NonGaloisExclusion.lean:596:10: `if_neg` has been deprecated: Use `ite_eq_right` instead
warning: OddOrder/Peterfalvi/S13_NonGaloisExclusion.lean:639:57: `if_neg` has been deprecated: Use `ite_eq_right` instead
warning: OddOrder/Peterfalvi/S13_NonGaloisExclusion.lean:649:47: `if_neg` has been deprecated: Use `ite_eq_right` instead
warning: OddOrder/Peterfalvi/S13_NonGaloisExclusion.lean:689:12: `if_pos` has been deprecated: Use `ite_eq_left` instead
warning: OddOrder/Peterfalvi/S13_NonGaloisExclusion.lean:691:12: `if_pos` has been deprecated: Use `ite_eq_left` instead
warning: OddOrder/Peterfalvi/S13_NonGaloisExclusion.lean:694:10: `if_pos` has been deprecated: Use `ite_eq_left` instead
warning: OddOrder/Peterfalvi/S13_NonGaloisExclusion.lean:694:21: `if_neg` has been deprecated: Use `ite_eq_right` instead
warning: OddOrder/Peterfalvi/S13_NonGaloisExclusion.lean:696:12: `if_neg` has been deprecated: Use `ite_eq_right` instead
warning: OddOrder/Peterfalvi/S13_NonGaloisExclusion.lean:698:12: `if_neg` has been deprecated: Use `ite_eq_right` instead
warning: OddOrder/Peterfalvi/S13_NonGaloisExclusion.lean:701:10: `if_neg` has been deprecated: Use `ite_eq_right` instead
warning: OddOrder/Peterfalvi/S13_NonGaloisExclusion.lean:701:21: `if_pos` has been deprecated: Use `ite_eq_left` instead
⚠ [4180/4187] Replayed OddOrder.Peterfalvi.S14_MaximalI.DadeContradiction
warning: OddOrder/Peterfalvi/S14_MaximalI/DadeContradiction.lean:373:79: `dif_pos` has been deprecated: Use `dite_eq_left` instead
info: OddOrder/Peterfalvi/S14_MaximalI/DadeContradiction.lean:1431:0: 'OddOrder.Peterfalvi.S14.frobenius_typeI_induced_char_constituents' depends on axioms: [propext,
 Classical.choice,
 Quot.sound]
info: OddOrder/Peterfalvi/S14_MaximalI/DadeContradiction.lean:1432:0: 'OddOrder.Peterfalvi.S14.fixed_conjClass_eq_one_of_typeF' depends on axioms: [propext, Classical.choice, Quot.sound]
info: OddOrder/Peterfalvi/S14_MaximalI/DadeContradiction.lean:1433:0: 'OddOrder.Peterfalvi.S14.coherent_extension_mem_span_imageFamily' depends on axioms: [propext,
 Classical.choice,
 Quot.sound]
info: OddOrder/Peterfalvi/S14_MaximalI/DadeContradiction.lean:1434:0: 'OddOrder.Peterfalvi.S14.coherent_extension_constituent_mem_span_Rset' depends on axioms: [propext,
 Classical.choice,
 Quot.sound]
info: OddOrder/Peterfalvi/S14_MaximalI/DadeContradiction.lean:1435:0: 'OddOrder.Peterfalvi.S14.constituent_diffImage_inner_zero_of_disjoint' depends on axioms: [propext,
 Classical.choice,
 Quot.sound]
⚠ [4181/4187] Replayed OddOrder.Peterfalvi.S14_MaximalI.RhoMEvaluation
warning: OddOrder/Peterfalvi/S14_MaximalI/RhoMEvaluation.lean:86:76: `dif_pos` has been deprecated: Use `dite_eq_left` instead
⚠ [4196/4422] Replayed OddOrder.Peterfalvi.S15_SAndT_Setup.HypothesisSwap
warning: OddOrder/Peterfalvi/S15_SAndT_Setup/HypothesisSwap.lean:228:10: `if_pos` has been deprecated: Use `ite_eq_left` instead
warning: OddOrder/Peterfalvi/S15_SAndT_Setup/HypothesisSwap.lean:228:20: `if_pos` has been deprecated: Use `ite_eq_left` instead
warning: OddOrder/Peterfalvi/S15_SAndT_Setup/HypothesisSwap.lean:229:10: `if_neg` has been deprecated: Use `ite_eq_right` instead
warning: OddOrder/Peterfalvi/S15_SAndT_Setup/HypothesisSwap.lean:229:20: `if_neg` has been deprecated: Use `ite_eq_right` instead
warning: OddOrder/Peterfalvi/S15_SAndT_Setup/HypothesisSwap.lean:255:10: `if_pos` has been deprecated: Use `ite_eq_left` instead
warning: OddOrder/Peterfalvi/S15_SAndT_Setup/HypothesisSwap.lean:255:20: `if_pos` has been deprecated: Use `ite_eq_left` instead
warning: OddOrder/Peterfalvi/S15_SAndT_Setup/HypothesisSwap.lean:256:10: `if_neg` has been deprecated: Use `ite_eq_right` instead
warning: OddOrder/Peterfalvi/S15_SAndT_Setup/HypothesisSwap.lean:256:20: `if_neg` has been deprecated: Use `ite_eq_right` instead
⚠ [4197/4422] Replayed OddOrder.Peterfalvi.S15_SAndT_Setup.Machinery135
warning: OddOrder/Peterfalvi/S15_SAndT_Setup/Machinery135.lean:247:59: `if_neg` has been deprecated: Use `ite_eq_right` instead
warning: OddOrder/Peterfalvi/S15_SAndT_Setup/Machinery135.lean:268:60: `if_neg` has been deprecated: Use `ite_eq_right` instead
warning: OddOrder/Peterfalvi/S15_SAndT_Setup/Machinery135.lean:1191:51: `dif_pos` has been deprecated: Use `dite_eq_left` instead
⚠ [4198/4422] Replayed OddOrder.Peterfalvi.S15_SAndT_Setup.DegreesFirstSplit
warning: OddOrder/Peterfalvi/S15_SAndT_Setup/DegreesFirstSplit.lean:896:18: `dif_pos` has been deprecated: Use `dite_eq_left` instead
⚠ [4207/4422] Replayed OddOrder.GroupTheory.RepresentationTheory.PrimeTIResidue
warning: OddOrder/GroupTheory/RepresentationTheory/PrimeTIResidue.lean:232:8: `if_pos` has been deprecated: Use `ite_eq_left` instead
warning: OddOrder/GroupTheory/RepresentationTheory/PrimeTIResidue.lean:236:60: `if_pos` has been deprecated: Use `ite_eq_left` instead
warning: OddOrder/GroupTheory/RepresentationTheory/PrimeTIResidue.lean:238:8: `if_neg` has been deprecated: Use `ite_eq_right` instead
warning: OddOrder/GroupTheory/RepresentationTheory/PrimeTIResidue.lean:240:8: `if_neg` has been deprecated: Use `ite_eq_right` instead
warning: OddOrder/GroupTheory/RepresentationTheory/PrimeTIResidue.lean:252:8: `if_pos` has been deprecated: Use `ite_eq_left` instead
warning: OddOrder/GroupTheory/RepresentationTheory/PrimeTIResidue.lean:252:20: `if_pos` has been deprecated: Use `ite_eq_left` instead
warning: OddOrder/GroupTheory/RepresentationTheory/PrimeTIResidue.lean:253:8: `if_neg` has been deprecated: Use `ite_eq_right` instead
warning: OddOrder/GroupTheory/RepresentationTheory/PrimeTIResidue.lean:253:20: `if_neg` has been deprecated: Use `ite_eq_right` instead
warning: OddOrder/GroupTheory/RepresentationTheory/PrimeTIResidue.lean:258:21: `if_pos` has been deprecated: Use `ite_eq_left` instead
warning: OddOrder/GroupTheory/RepresentationTheory/PrimeTIResidue.lean:290:23: `if_neg` has been deprecated: Use `ite_eq_right` instead
warning: OddOrder/GroupTheory/RepresentationTheory/PrimeTIResidue.lean:305:6: `if_neg` has been deprecated: Use `ite_eq_right` instead
warning: OddOrder/GroupTheory/RepresentationTheory/PrimeTIResidue.lean:306:42: `if_pos` has been deprecated: Use `ite_eq_left` instead
warning: OddOrder/GroupTheory/RepresentationTheory/PrimeTIResidue.lean:647:14: `if_neg` has been deprecated: Use `ite_eq_right` instead
warning: OddOrder/GroupTheory/RepresentationTheory/PrimeTIResidue.lean:648:12: `if_neg` has been deprecated: Use `ite_eq_right` instead
warning: OddOrder/GroupTheory/RepresentationTheory/PrimeTIResidue.lean:649:12: `if_neg` has been deprecated: Use `ite_eq_right` instead
warning: OddOrder/GroupTheory/RepresentationTheory/PrimeTIResidue.lean:650:10: `if_neg` has been deprecated: Use `ite_eq_right` instead
warning: OddOrder/GroupTheory/RepresentationTheory/PrimeTIResidue.lean:744:6: `if_pos` has been deprecated: Use `ite_eq_left` instead
warning: OddOrder/GroupTheory/RepresentationTheory/PrimeTIResidue.lean:825:71: `if_neg` has been deprecated: Use `ite_eq_right` instead
warning: OddOrder/GroupTheory/RepresentationTheory/PrimeTIResidue.lean:842:8: `if_pos` has been deprecated: Use `ite_eq_left` instead
warning: OddOrder/GroupTheory/RepresentationTheory/PrimeTIResidue.lean:842:55: `if_pos` has been deprecated: Use `ite_eq_left` instead
warning: OddOrder/GroupTheory/RepresentationTheory/PrimeTIResidue.lean:843:8: `if_neg` has been deprecated: Use `ite_eq_right` instead
warning: OddOrder/GroupTheory/RepresentationTheory/PrimeTIResidue.lean:845:8: `if_neg` has been deprecated: Use `ite_eq_right` instead
warning: OddOrder/GroupTheory/RepresentationTheory/PrimeTIResidue.lean:851:8: `if_neg` has been deprecated: Use `ite_eq_right` instead
warning: OddOrder/GroupTheory/RepresentationTheory/PrimeTIResidue.lean:856:41: `if_pos` has been deprecated: Use `ite_eq_left` instead
warning: OddOrder/GroupTheory/RepresentationTheory/PrimeTIResidue.lean:871:45: `if_pos` has been deprecated: Use `ite_eq_left` instead
warning: OddOrder/GroupTheory/RepresentationTheory/PrimeTIResidue.lean:871:57: `if_neg` has been deprecated: Use `ite_eq_right` instead
⚠ [4209/4422] Replayed OddOrder.Peterfalvi.S15_HonestTypeP2A0
warning: OddOrder/Peterfalvi/S15_HonestTypeP2A0.lean:226:10: `if_neg` has been deprecated: Use `ite_eq_right` instead
⚠ [4210/4422] Replayed OddOrder.Peterfalvi.S05_GridRigidity
warning: OddOrder/Peterfalvi/S05_GridRigidity.lean:83:43: `if_neg` has been deprecated: Use `ite_eq_right` instead
warning: OddOrder/Peterfalvi/S05_GridRigidity.lean:95:45: `if_pos` has been deprecated: Use `ite_eq_left` instead
warning: OddOrder/Peterfalvi/S05_GridRigidity.lean:127:9: `if_pos` has been deprecated: Use `ite_eq_left` instead
warning: OddOrder/Peterfalvi/S05_GridRigidity.lean:130:9: `if_pos` has been deprecated: Use `ite_eq_left` instead
warning: OddOrder/Peterfalvi/S05_GridRigidity.lean:187:10: `if_pos` has been deprecated: Use `ite_eq_left` instead
warning: OddOrder/Peterfalvi/S05_GridRigidity.lean:187:22: `if_neg` has been deprecated: Use `ite_eq_right` instead
warning: OddOrder/Peterfalvi/S05_GridRigidity.lean:191:10: `if_neg` has been deprecated: Use `ite_eq_right` instead
warning: OddOrder/Peterfalvi/S05_GridRigidity.lean:191:22: `if_pos` has been deprecated: Use `ite_eq_left` instead
warning: OddOrder/Peterfalvi/S05_GridRigidity.lean:194:10: `if_neg` has been deprecated: Use `ite_eq_right` instead
warning: OddOrder/Peterfalvi/S05_GridRigidity.lean:194:22: `if_neg` has been deprecated: Use `ite_eq_right` instead
warning: OddOrder/Peterfalvi/S05_GridRigidity.lean:239:70: `if_pos` has been deprecated: Use `ite_eq_left` instead
warning: OddOrder/Peterfalvi/S05_GridRigidity.lean:240:6: `if_neg` has been deprecated: Use `ite_eq_right` instead
warning: OddOrder/Peterfalvi/S05_GridRigidity.lean:244:70: `if_neg` has been deprecated: Use `ite_eq_right` instead
warning: OddOrder/Peterfalvi/S05_GridRigidity.lean:244:83: `if_pos` has been deprecated: Use `ite_eq_left` instead
warning: OddOrder/Peterfalvi/S05_GridRigidity.lean:321:38: `if_neg` has been deprecated: Use `ite_eq_right` instead
warning: OddOrder/Peterfalvi/S05_GridRigidity.lean:321:65: `if_neg` has been deprecated: Use `ite_eq_right` instead
⚠ [4211/4422] Replayed OddOrder.Peterfalvi.S16_GridExpansion
warning: OddOrder/Peterfalvi/S16_GridExpansion.lean:261:10: `if_pos` has been deprecated: Use `ite_eq_left` instead
warning: OddOrder/Peterfalvi/S16_GridExpansion.lean:263:10: `if_neg` has been deprecated: Use `ite_eq_right` instead
warning: OddOrder/Peterfalvi/S16_GridExpansion.lean:267:8: `if_neg` has been deprecated: Use `ite_eq_right` instead
warning: OddOrder/Peterfalvi/S16_GridExpansion.lean:425:47: `if_neg` has been deprecated: Use `ite_eq_right` instead
warning: OddOrder/Peterfalvi/S16_GridExpansion.lean:476:47: `if_neg` has been deprecated: Use `ite_eq_right` instead
warning: OddOrder/Peterfalvi/S16_GridExpansion.lean:578:73: `if_pos` has been deprecated: Use `ite_eq_left` instead
warning: OddOrder/Peterfalvi/S16_GridExpansion.lean:609:24: `if_neg` has been deprecated: Use `ite_eq_right` instead
warning: OddOrder/Peterfalvi/S16_GridExpansion.lean:610:6: `if_pos` has been deprecated: Use `ite_eq_left` instead
warning: OddOrder/Peterfalvi/S16_GridExpansion.lean:610:6: `if_pos` has been deprecated: Use `ite_eq_left` instead
warning: OddOrder/Peterfalvi/S16_GridExpansion.lean:613:8: `if_neg` has been deprecated: Use `ite_eq_right` instead
⚠ [4212/4422] Replayed OddOrder.GroupTheory.RepresentationTheory.InflationInduction
warning: OddOrder/GroupTheory/RepresentationTheory/InflationInduction.lean:244:4: `if_neg` has been deprecated: Use `ite_eq_right` instead
⚠ [4218/4422] Replayed OddOrder.Peterfalvi.S15_BridgeCharacter
warning: OddOrder/Peterfalvi/S15_BridgeCharacter.lean:69:10: `if_neg` has been deprecated: Use `ite_eq_right` instead
warning: OddOrder/Peterfalvi/S15_BridgeCharacter.lean:221:12: `if_pos` has been deprecated: Use `ite_eq_left` instead
warning: OddOrder/Peterfalvi/S15_BridgeCharacter.lean:221:38: `if_pos` has been deprecated: Use `ite_eq_left` instead
warning: OddOrder/Peterfalvi/S15_BridgeCharacter.lean:222:12: `if_neg` has been deprecated: Use `ite_eq_right` instead
warning: OddOrder/Peterfalvi/S15_BridgeCharacter.lean:222:62: `if_neg` has been deprecated: Use `ite_eq_right` instead
warning: OddOrder/Peterfalvi/S15_BridgeCharacter.lean:225:36: `if_neg` has been deprecated: Use `ite_eq_right` instead
warning: OddOrder/Peterfalvi/S15_BridgeCharacter.lean:229:36: `if_neg` has been deprecated: Use `ite_eq_right` instead
warning: OddOrder/Peterfalvi/S15_BridgeCharacter.lean:287:35: `if_neg` has been deprecated: Use `ite_eq_right` instead
warning: OddOrder/Peterfalvi/S15_BridgeCharacter.lean:289:35: `if_neg` has been deprecated: Use `ite_eq_right` instead
warning: OddOrder/Peterfalvi/S15_BridgeCharacter.lean:482:8: `if_neg` has been deprecated: Use `ite_eq_right` instead
warning: OddOrder/Peterfalvi/S15_BridgeCharacter.lean:512:8: `if_neg` has been deprecated: Use `ite_eq_right` instead
warning: OddOrder/Peterfalvi/S15_BridgeCharacter.lean:672:8: `if_pos` has been deprecated: Use `ite_eq_left` instead
warning: OddOrder/Peterfalvi/S15_BridgeCharacter.lean:676:8: `if_neg` has been deprecated: Use `ite_eq_right` instead
warning: OddOrder/Peterfalvi/S15_BridgeCharacter.lean:680:8: `if_neg` has been deprecated: Use `ite_eq_right` instead
warning: OddOrder/Peterfalvi/S15_BridgeCharacter.lean:684:8: `if_pos` has been deprecated: Use `ite_eq_left` instead
warning: OddOrder/Peterfalvi/S15_BridgeCharacter.lean:695:8: `if_neg` has been deprecated: Use `ite_eq_right` instead
warning: OddOrder/Peterfalvi/S15_BridgeCharacter.lean:955:36: `if_neg` has been deprecated: Use `ite_eq_right` instead
warning: OddOrder/Peterfalvi/S15_BridgeCharacter.lean:957:36: `if_neg` has been deprecated: Use `ite_eq_right` instead
⚠ [4223/4422] Replayed OddOrder.Algebra.QuadraticMapCoordinates
warning: OddOrder/Algebra/QuadraticMapCoordinates.lean:182:8: `if_pos` has been deprecated: Use `ite_eq_left` instead
warning: OddOrder/Algebra/QuadraticMapCoordinates.lean:182:23: `if_pos` has been deprecated: Use `ite_eq_left` instead
warning: OddOrder/Algebra/QuadraticMapCoordinates.lean:183:8: `if_neg` has been deprecated: Use `ite_eq_right` instead
warning: OddOrder/Algebra/QuadraticMapCoordinates.lean:183:38: `if_neg` has been deprecated: Use `ite_eq_right` instead
warning: OddOrder/Algebra/QuadraticMapCoordinates.lean:198:12: `if_pos` has been deprecated: Use `ite_eq_left` instead
warning: OddOrder/Algebra/QuadraticMapCoordinates.lean:198:23: `if_neg` has been deprecated: Use `ite_eq_right` instead
warning: OddOrder/Algebra/QuadraticMapCoordinates.lean:199:10: `if_neg` has been deprecated: Use `ite_eq_right` instead
warning: OddOrder/Algebra/QuadraticMapCoordinates.lean:230:12: `if_pos` has been deprecated: Use `ite_eq_left` instead
warning: OddOrder/Algebra/QuadraticMapCoordinates.lean:230:23: `if_neg` has been deprecated: Use `ite_eq_right` instead
warning: OddOrder/Algebra/QuadraticMapCoordinates.lean:230:54: `if_neg` has been deprecated: Use `ite_eq_right` instead
warning: OddOrder/Algebra/QuadraticMapCoordinates.lean:232:10: `if_neg` has been deprecated: Use `ite_eq_right` instead
warning: OddOrder/Algebra/QuadraticMapCoordinates.lean:240:12: `if_pos` has been deprecated: Use `ite_eq_left` instead
warning: OddOrder/Algebra/QuadraticMapCoordinates.lean:240:23: `if_neg` has been deprecated: Use `ite_eq_right` instead
warning: OddOrder/Algebra/QuadraticMapCoordinates.lean:241:12: `if_neg` has been deprecated: Use `ite_eq_right` instead
warning: OddOrder/Algebra/QuadraticMapCoordinates.lean:258:10: `if_pos` has been deprecated: Use `ite_eq_left` instead
warning: OddOrder/Algebra/QuadraticMapCoordinates.lean:262:10: `if_neg` has been deprecated: Use `ite_eq_right` instead
warning: OddOrder/Algebra/QuadraticMapCoordinates.lean:270:10: `if_pos` has been deprecated: Use `ite_eq_left` instead
warning: OddOrder/Algebra/QuadraticMapCoordinates.lean:275:12: `if_neg` has been deprecated: Use `ite_eq_right` instead
warning: OddOrder/Algebra/QuadraticMapCoordinates.lean:281:12: `if_neg` has been deprecated: Use `ite_eq_right` instead
⚠ [4224/4422] Replayed OddOrder.GroupTheory.RepresentationTheory.SemilinearFieldAut
warning: OddOrder/GroupTheory/RepresentationTheory/SemilinearFieldAut.lean:807:38: `if_pos` has been deprecated: Use `ite_eq_left` instead
warning: OddOrder/GroupTheory/RepresentationTheory/SemilinearFieldAut.lean:816:9: `if_neg` has been deprecated: Use `ite_eq_right` instead
warning: OddOrder/GroupTheory/RepresentationTheory/SemilinearFieldAut.lean:828:9: `if_neg` has been deprecated: Use `ite_eq_right` instead
warning: OddOrder/GroupTheory/RepresentationTheory/SemilinearFieldAut.lean:828:20: `if_neg` has been deprecated: Use `ite_eq_right` instead
warning: OddOrder/GroupTheory/RepresentationTheory/SemilinearFieldAut.lean:911:19: `dif_neg` has been deprecated: Use `dite_eq_right` instead
warning: OddOrder/GroupTheory/RepresentationTheory/SemilinearFieldAut.lean:924:10: `dif_pos` has been deprecated: Use `dite_eq_left` instead
warning: OddOrder/GroupTheory/RepresentationTheory/SemilinearFieldAut.lean:933:19: `dif_pos` has been deprecated: Use `dite_eq_left` instead
warning: OddOrder/GroupTheory/RepresentationTheory/SemilinearFieldAut.lean:941:19: `dif_pos` has been deprecated: Use `dite_eq_left` instead
warning: OddOrder/GroupTheory/RepresentationTheory/SemilinearFieldAut.lean:944:19: `dif_neg` has been deprecated: Use `dite_eq_right` instead
warning: OddOrder/GroupTheory/RepresentationTheory/SemilinearFieldAut.lean:1056:36: `if_neg` has been deprecated: Use `ite_eq_right` instead
warning: OddOrder/GroupTheory/RepresentationTheory/SemilinearFieldAut.lean:1063:38: `if_pos` has been deprecated: Use `ite_eq_left` instead
warning: OddOrder/GroupTheory/RepresentationTheory/SemilinearFieldAut.lean:1063:50: `if_neg` has been deprecated: Use `ite_eq_right` instead
warning: OddOrder/GroupTheory/RepresentationTheory/SemilinearFieldAut.lean:1063:70: `if_neg` has been deprecated: Use `ite_eq_right` instead
warning: OddOrder/GroupTheory/RepresentationTheory/SemilinearFieldAut.lean:1072:38: `if_neg` has been deprecated: Use `ite_eq_right` instead
warning: OddOrder/GroupTheory/RepresentationTheory/SemilinearFieldAut.lean:1072:58: `if_pos` has been deprecated: Use `ite_eq_left` instead
warning: OddOrder/GroupTheory/RepresentationTheory/SemilinearFieldAut.lean:1072:70: `if_neg` has been deprecated: Use `ite_eq_right` instead
warning: OddOrder/GroupTheory/RepresentationTheory/SemilinearFieldAut.lean:1121:45: `if_neg` has been deprecated: Use `ite_eq_right` instead
warning: OddOrder/GroupTheory/RepresentationTheory/SemilinearFieldAut.lean:1121:63: `if_neg` has been deprecated: Use `ite_eq_right` instead
warning: OddOrder/GroupTheory/RepresentationTheory/SemilinearFieldAut.lean:1122:24: `if_neg` has been deprecated: Use `ite_eq_right` instead
warning: OddOrder/GroupTheory/RepresentationTheory/SemilinearFieldAut.lean:1122:44: `if_neg` has been deprecated: Use `ite_eq_right` instead
⚠ [4227/4422] Replayed OddOrder.Peterfalvi.S16_PairingCoherence
warning: OddOrder/Peterfalvi/S16_PairingCoherence.lean:885:7: `if_neg` has been deprecated: Use `ite_eq_right` instead
⚠ [4228/4422] Replayed OddOrder.GroupTheory.RepresentationTheory.InducedDegreeSum
warning: OddOrder/GroupTheory/RepresentationTheory/InducedDegreeSum.lean:68:39: `if_neg` has been deprecated: Use `ite_eq_right` instead
warning: OddOrder/GroupTheory/RepresentationTheory/InducedDegreeSum.lean:82:76: `if_neg` has been deprecated: Use `ite_eq_right` instead
warning: OddOrder/GroupTheory/RepresentationTheory/InducedDegreeSum.lean:122:8: `if_pos` has been deprecated: Use `ite_eq_left` instead
warning: OddOrder/GroupTheory/RepresentationTheory/InducedDegreeSum.lean:175:11: `if_neg` has been deprecated: Use `ite_eq_right` instead
⚠ [4229/4422] Replayed OddOrder.Peterfalvi.S16_PairingBessel
warning: OddOrder/Peterfalvi/S16_PairingBessel.lean:459:10: `if_pos` has been deprecated: Use `ite_eq_left` instead
warning: OddOrder/Peterfalvi/S16_PairingBessel.lean:462:10: `if_neg` has been deprecated: Use `ite_eq_right` instead
warning: OddOrder/Peterfalvi/S16_PairingBessel.lean:472:8: `if_neg` has been deprecated: Use `ite_eq_right` instead
warning: OddOrder/Peterfalvi/S16_PairingBessel.lean:473:71: `if_pos` has been deprecated: Use `ite_eq_left` instead
warning: OddOrder/Peterfalvi/S16_PairingBessel.lean:511:10: `if_pos` has been deprecated: Use `ite_eq_left` instead
⚠ [4231/4422] Replayed OddOrder.Peterfalvi.S15_SAndT
warning: OddOrder/Peterfalvi/S15_SAndT.lean:164:6: `if_neg` has been deprecated: Use `ite_eq_right` instead
warning: OddOrder/Peterfalvi/S15_SAndT.lean:277:8: `if_neg` has been deprecated: Use `ite_eq_right` instead
warning: OddOrder/Peterfalvi/S15_SAndT.lean:322:12: `if_pos` has been deprecated: Use `ite_eq_left` instead
warning: OddOrder/Peterfalvi/S15_SAndT.lean:322:31: `if_pos` has been deprecated: Use `ite_eq_left` instead
warning: OddOrder/Peterfalvi/S15_SAndT.lean:323:12: `if_neg` has been deprecated: Use `ite_eq_right` instead
warning: OddOrder/Peterfalvi/S15_SAndT.lean:323:39: `if_neg` has been deprecated: Use `ite_eq_right` instead
warning: OddOrder/Peterfalvi/S15_SAndT.lean:331:12: `if_neg` has been deprecated: Use `ite_eq_right` instead
warning: OddOrder/Peterfalvi/S15_SAndT.lean:333:53: `if_pos` has been deprecated: Use `ite_eq_left` instead
warning: OddOrder/Peterfalvi/S15_SAndT.lean:594:10: `if_pos` has been deprecated: Use `ite_eq_left` instead
warning: OddOrder/Peterfalvi/S15_SAndT.lean:597:10: `if_neg` has been deprecated: Use `ite_eq_right` instead
warning: OddOrder/Peterfalvi/S15_SAndT.lean:608:10: `if_neg` has been deprecated: Use `ite_eq_right` instead
warning: OddOrder/Peterfalvi/S15_SAndT.lean:609:69: `if_pos` has been deprecated: Use `ite_eq_left` instead
⚠ [4237/4422] Replayed OddOrder.Peterfalvi.S16_NonExistenceG.TGapPrimeTI
warning: OddOrder/Peterfalvi/S16_NonExistenceG/TGapPrimeTI.lean:381:51: `dif_pos` has been deprecated: Use `dite_eq_left` instead
⚠ [4239/4422] Replayed OddOrder.Peterfalvi.S15_SSetMemberRFamily
warning: OddOrder/Peterfalvi/S15_SSetMemberRFamily.lean:229:19: `if_pos` has been deprecated: Use `ite_eq_left` instead
warning: OddOrder/Peterfalvi/S15_SSetMemberRFamily.lean:230:8: `if_neg` has been deprecated: Use `ite_eq_right` instead
warning: OddOrder/Peterfalvi/S15_SSetMemberRFamily.lean:234:39: `if_neg` has been deprecated: Use `ite_eq_right` instead
warning: OddOrder/Peterfalvi/S15_SSetMemberRFamily.lean:243:19: `if_pos` has been deprecated: Use `ite_eq_left` instead
warning: OddOrder/Peterfalvi/S15_SSetMemberRFamily.lean:244:8: `if_neg` has been deprecated: Use `ite_eq_right` instead
warning: OddOrder/Peterfalvi/S15_SSetMemberRFamily.lean:248:64: `if_neg` has been deprecated: Use `ite_eq_right` instead
warning: OddOrder/Peterfalvi/S15_SSetMemberRFamily.lean:357:8: `if_neg` has been deprecated: Use `ite_eq_right` instead
warning: OddOrder/Peterfalvi/S15_SSetMemberRFamily.lean:360:8: `if_neg` has been deprecated: Use `ite_eq_right` instead
warning: OddOrder/Peterfalvi/S15_SSetMemberRFamily.lean:368:27: `if_pos` has been deprecated: Use `ite_eq_left` instead
warning: OddOrder/Peterfalvi/S15_SSetMemberRFamily.lean:370:8: `if_neg` has been deprecated: Use `ite_eq_right` instead
warning: OddOrder/Peterfalvi/S15_SSetMemberRFamily.lean:388:14: `if_pos` has been deprecated: Use `ite_eq_left` instead
warning: OddOrder/Peterfalvi/S15_SSetMemberRFamily.lean:388:26: `if_pos` has been deprecated: Use `ite_eq_left` instead
warning: OddOrder/Peterfalvi/S15_SSetMemberRFamily.lean:389:14: `if_neg` has been deprecated: Use `ite_eq_right` instead
warning: OddOrder/Peterfalvi/S15_SSetMemberRFamily.lean:389:26: `if_neg` has been deprecated: Use `ite_eq_right` instead
warning: OddOrder/Peterfalvi/S15_SSetMemberRFamily.lean:600:6: `dif_pos` has been deprecated: Use `dite_eq_left` instead
warning: OddOrder/Peterfalvi/S15_SSetMemberRFamily.lean:630:46: `dif_neg` has been deprecated: Use `dite_eq_right` instead
warning: OddOrder/Peterfalvi/S15_SSetMemberRFamily.lean:683:9: `if_pos` has been deprecated: Use `ite_eq_left` instead
warning: OddOrder/Peterfalvi/S15_SSetMemberRFamily.lean:686:9: `if_pos` has been deprecated: Use `ite_eq_left` instead
warning: OddOrder/Peterfalvi/S15_SSetMemberRFamily.lean:689:9: `if_neg` has been deprecated: Use `ite_eq_right` instead
warning: OddOrder/Peterfalvi/S15_SSetMemberRFamily.lean:692:9: `if_neg` has been deprecated: Use `ite_eq_right` instead
warning: OddOrder/Peterfalvi/S15_SSetMemberRFamily.lean:883:65: `if_neg` has been deprecated: Use `ite_eq_right` instead
warning: OddOrder/Peterfalvi/S15_SSetMemberRFamily.lean:885:8: `if_neg` has been deprecated: Use `ite_eq_right` instead
warning: OddOrder/Peterfalvi/S15_SSetMemberRFamily.lean:887:8: `if_neg` has been deprecated: Use `ite_eq_right` instead
warning: OddOrder/Peterfalvi/S15_SSetMemberRFamily.lean:889:63: `if_neg` has been deprecated: Use `ite_eq_right` instead
⚠ [4240/4422] Replayed OddOrder.Peterfalvi.S15_CaseBReducibleCoherence
warning: OddOrder/Peterfalvi/S15_CaseBReducibleCoherence.lean:584:21: `if_pos` has been deprecated: Use `ite_eq_left` instead
warning: OddOrder/Peterfalvi/S15_CaseBReducibleCoherence.lean:586:10: `if_neg` has been deprecated: Use `ite_eq_right` instead
warning: OddOrder/Peterfalvi/S15_CaseBReducibleCoherence.lean:847:21: `if_pos` has been deprecated: Use `ite_eq_left` instead
warning: OddOrder/Peterfalvi/S15_CaseBReducibleCoherence.lean:847:33: `if_pos` has been deprecated: Use `ite_eq_left` instead
warning: OddOrder/Peterfalvi/S15_CaseBReducibleCoherence.lean:848:10: `if_neg` has been deprecated: Use `ite_eq_right` instead
warning: OddOrder/Peterfalvi/S15_CaseBReducibleCoherence.lean:848:48: `if_neg` has been deprecated: Use `ite_eq_right` instead
warning: OddOrder/Peterfalvi/S15_CaseBReducibleCoherence.lean:850:31: `if_neg` has been deprecated: Use `ite_eq_right` instead
warning: OddOrder/Peterfalvi/S15_CaseBReducibleCoherence.lean:852:25: `if_pos` has been deprecated: Use `ite_eq_left` instead
warning: OddOrder/Peterfalvi/S15_CaseBReducibleCoherence.lean:912:29: `if_pos` has been deprecated: Use `ite_eq_left` instead
warning: OddOrder/Peterfalvi/S15_CaseBReducibleCoherence.lean:912:41: `if_pos` has been deprecated: Use `ite_eq_left` instead
warning: OddOrder/Peterfalvi/S15_CaseBReducibleCoherence.lean:913:18: `if_neg` has been deprecated: Use `ite_eq_right` instead
warning: OddOrder/Peterfalvi/S15_CaseBReducibleCoherence.lean:913:56: `if_neg` has been deprecated: Use `ite_eq_right` instead
warning: OddOrder/Peterfalvi/S15_CaseBReducibleCoherence.lean:1002:10: `if_neg` has been deprecated: Use `ite_eq_right` instead
warning: OddOrder/Peterfalvi/S15_CaseBReducibleCoherence.lean:1018:38: `if_pos` has been deprecated: Use `ite_eq_left` instead
warning: OddOrder/Peterfalvi/S15_CaseBReducibleCoherence.lean:1020:8: `if_neg` has been deprecated: Use `ite_eq_right` instead
⚠ [4242/4422] Replayed OddOrder.Peterfalvi.S15_NineElevenSevenEight
warning: OddOrder/Peterfalvi/S15_NineElevenSevenEight.lean:118:9: `if_pos` has been deprecated: Use `ite_eq_left` instead
warning: OddOrder/Peterfalvi/S15_NineElevenSevenEight.lean:452:23: `if_pos` has been deprecated: Use `ite_eq_left` instead
warning: OddOrder/Peterfalvi/S15_NineElevenSevenEight.lean:453:14: `if_neg` has been deprecated: Use `ite_eq_right` instead
warning: OddOrder/Peterfalvi/S15_NineElevenSevenEight.lean:462:14: `if_pos` has been deprecated: Use `ite_eq_left` instead
warning: OddOrder/Peterfalvi/S15_NineElevenSevenEight.lean:464:14: `if_neg` has been deprecated: Use `ite_eq_right` instead
⚠ [4243/4422] Replayed OddOrder.Peterfalvi.S15_SAndT_Setup.CoherenceEtaOrthogonality
warning: OddOrder/Peterfalvi/S15_SAndT_Setup/CoherenceEtaOrthogonality.lean:168:6: `if_neg` has been deprecated: Use `ite_eq_right` instead
⚠ [4244/4422] Replayed OddOrder.Peterfalvi.S15_SAndT_Setup.MuColumnPin
warning: OddOrder/Peterfalvi/S15_SAndT_Setup/MuColumnPin.lean:300:8: `if_neg` has been deprecated: Use `ite_eq_right` instead
warning: OddOrder/Peterfalvi/S15_SAndT_Setup/MuColumnPin.lean:300:57: `if_pos` has been deprecated: Use `ite_eq_left` instead
warning: OddOrder/Peterfalvi/S15_SAndT_Setup/MuColumnPin.lean:305:8: `if_neg` has been deprecated: Use `ite_eq_right` instead
warning: OddOrder/Peterfalvi/S15_SAndT_Setup/MuColumnPin.lean:305:47: `if_pos` has been deprecated: Use `ite_eq_left` instead
warning: OddOrder/Peterfalvi/S15_SAndT_Setup/MuColumnPin.lean:331:27: `if_pos` has been deprecated: Use `ite_eq_left` instead
warning: OddOrder/Peterfalvi/S15_SAndT_Setup/MuColumnPin.lean:331:46: `if_pos` has been deprecated: Use `ite_eq_left` instead
warning: OddOrder/Peterfalvi/S15_SAndT_Setup/MuColumnPin.lean:332:16: `if_neg` has been deprecated: Use `ite_eq_right` instead
warning: OddOrder/Peterfalvi/S15_SAndT_Setup/MuColumnPin.lean:332:43: `if_neg` has been deprecated: Use `ite_eq_right` instead
warning: OddOrder/Peterfalvi/S15_SAndT_Setup/MuColumnPin.lean:334:43: `if_pos` has been deprecated: Use `ite_eq_left` instead
warning: OddOrder/Peterfalvi/S15_SAndT_Setup/MuColumnPin.lean:335:16: `if_neg` has been deprecated: Use `ite_eq_right` instead
warning: OddOrder/Peterfalvi/S15_SAndT_Setup/MuColumnPin.lean:337:57: `if_neg` has been deprecated: Use `ite_eq_right` instead
warning: OddOrder/Peterfalvi/S15_SAndT_Setup/MuColumnPin.lean:338:12: `if_neg` has been deprecated: Use `ite_eq_right` instead
warning: OddOrder/Peterfalvi/S15_SAndT_Setup/MuColumnPin.lean:340:61: `if_neg` has been deprecated: Use `ite_eq_right` instead
warning: OddOrder/Peterfalvi/S15_SAndT_Setup/MuColumnPin.lean:341:38: `if_pos` has been deprecated: Use `ite_eq_left` instead
warning: OddOrder/Peterfalvi/S15_SAndT_Setup/MuColumnPin.lean:353:27: `if_neg` has been deprecated: Use `ite_eq_right` instead
warning: OddOrder/Peterfalvi/S15_SAndT_Setup/MuColumnPin.lean:353:59: `if_neg` has been deprecated: Use `ite_eq_right` instead
warning: OddOrder/Peterfalvi/S15_SAndT_Setup/MuColumnPin.lean:355:29: `if_neg` has been deprecated: Use `ite_eq_right` instead
warning: OddOrder/Peterfalvi/S15_SAndT_Setup/MuColumnPin.lean:356:56: `if_pos` has been deprecated: Use `ite_eq_left` instead
warning: OddOrder/Peterfalvi/S15_SAndT_Setup/MuColumnPin.lean:360:27: `if_pos` has been deprecated: Use `ite_eq_left` instead
warning: OddOrder/Peterfalvi/S15_SAndT_Setup/MuColumnPin.lean:360:46: `if_pos` has been deprecated: Use `ite_eq_left` instead
warning: OddOrder/Peterfalvi/S15_SAndT_Setup/MuColumnPin.lean:361:16: `if_neg` has been deprecated: Use `ite_eq_right` instead
warning: OddOrder/Peterfalvi/S15_SAndT_Setup/MuColumnPin.lean:361:53: `if_neg` has been deprecated: Use `ite_eq_right` instead
warning: OddOrder/Peterfalvi/S15_SAndT_Setup/MuColumnPin.lean:363:61: `if_neg` has been deprecated: Use `ite_eq_right` instead
warning: OddOrder/Peterfalvi/S15_SAndT_Setup/MuColumnPin.lean:364:68: `if_pos` has been deprecated: Use `ite_eq_left` instead
warning: OddOrder/Peterfalvi/S15_SAndT_Setup/MuColumnPin.lean:373:23: `if_neg` has been deprecated: Use `ite_eq_right` instead
warning: OddOrder/Peterfalvi/S15_SAndT_Setup/MuColumnPin.lean:374:53: `if_neg` has been deprecated: Use `ite_eq_right` instead
warning: OddOrder/Peterfalvi/S15_SAndT_Setup/MuColumnPin.lean:396:25: `if_pos` has been deprecated: Use `ite_eq_left` instead
warning: OddOrder/Peterfalvi/S15_SAndT_Setup/MuColumnPin.lean:396:33: `if_false` has been deprecated: Use `ite_false` instead
warning: OddOrder/Peterfalvi/S15_SAndT_Setup/MuColumnPin.lean:396:25: `if_pos` has been deprecated: Use `ite_eq_left` instead
warning: OddOrder/Peterfalvi/S15_SAndT_Setup/MuColumnPin.lean:396:33: `if_false` has been deprecated: Use `ite_false` instead
warning: OddOrder/Peterfalvi/S15_SAndT_Setup/MuColumnPin.lean:396:25: `if_pos` has been deprecated: Use `ite_eq_left` instead
warning: OddOrder/Peterfalvi/S15_SAndT_Setup/MuColumnPin.lean:396:33: `if_false` has been deprecated: Use `ite_false` instead
warning: OddOrder/Peterfalvi/S15_SAndT_Setup/MuColumnPin.lean:396:25: `if_pos` has been deprecated: Use `ite_eq_left` instead
warning: OddOrder/Peterfalvi/S15_SAndT_Setup/MuColumnPin.lean:396:33: `if_false` has been deprecated: Use `ite_false` instead
warning: OddOrder/Peterfalvi/S15_SAndT_Setup/MuColumnPin.lean:407:25: `if_pos` has been deprecated: Use `ite_eq_left` instead
warning: OddOrder/Peterfalvi/S15_SAndT_Setup/MuColumnPin.lean:407:33: `if_false` has been deprecated: Use `ite_false` instead
warning: OddOrder/Peterfalvi/S15_SAndT_Setup/MuColumnPin.lean:407:25: `if_pos` has been deprecated: Use `ite_eq_left` instead
warning: OddOrder/Peterfalvi/S15_SAndT_Setup/MuColumnPin.lean:407:33: `if_false` has been deprecated: Use `ite_false` instead
warning: OddOrder/Peterfalvi/S15_SAndT_Setup/MuColumnPin.lean:407:25: `if_pos` has been deprecated: Use `ite_eq_left` instead
warning: OddOrder/Peterfalvi/S15_SAndT_Setup/MuColumnPin.lean:407:33: `if_false` has been deprecated: Use `ite_false` instead
warning: OddOrder/Peterfalvi/S15_SAndT_Setup/MuColumnPin.lean:407:25: `if_pos` has been deprecated: Use `ite_eq_left` instead
warning: OddOrder/Peterfalvi/S15_SAndT_Setup/MuColumnPin.lean:407:33: `if_false` has been deprecated: Use `ite_false` instead
warning: OddOrder/Peterfalvi/S15_SAndT_Setup/MuColumnPin.lean:420:35: `if_pos` has been deprecated: Use `ite_eq_left` instead
warning: OddOrder/Peterfalvi/S15_SAndT_Setup/MuColumnPin.lean:421:6: `if_neg` has been deprecated: Use `ite_eq_right` instead
warning: OddOrder/Peterfalvi/S15_SAndT_Setup/MuColumnPin.lean:428:35: `if_pos` has been deprecated: Use `ite_eq_left` instead
warning: OddOrder/Peterfalvi/S15_SAndT_Setup/MuColumnPin.lean:429:6: `if_neg` has been deprecated: Use `ite_eq_right` instead
warning: OddOrder/Peterfalvi/S15_SAndT_Setup/MuColumnPin.lean:463:55: `if_neg` has been deprecated: Use `ite_eq_right` instead
warning: OddOrder/Peterfalvi/S15_SAndT_Setup/MuColumnPin.lean:464:22: `if_pos` has been deprecated: Use `ite_eq_left` instead
warning: OddOrder/Peterfalvi/S15_SAndT_Setup/MuColumnPin.lean:475:8: `if_neg` has been deprecated: Use `ite_eq_right` instead
warning: OddOrder/Peterfalvi/S15_SAndT_Setup/MuColumnPin.lean:475:38: `if_neg` has been deprecated: Use `ite_eq_right` instead
⚠ [4245/4422] Replayed OddOrder.Peterfalvi.S15_CaseACoherence
warning: OddOrder/Peterfalvi/S15_CaseACoherence.lean:339:11: `if_pos` has been deprecated: Use `ite_eq_left` instead
warning: OddOrder/Peterfalvi/S15_CaseACoherence.lean:786:44: `if_neg` has been deprecated: Use `ite_eq_right` instead
warning: OddOrder/Peterfalvi/S15_CaseACoherence.lean:787:66: `if_pos` has been deprecated: Use `ite_eq_left` instead
warning: OddOrder/Peterfalvi/S15_CaseACoherence.lean:788:45: `if_neg` has been deprecated: Use `ite_eq_right` instead
warning: OddOrder/Peterfalvi/S15_CaseACoherence.lean:792:54: `if_neg` has been deprecated: Use `ite_eq_right` instead
warning: OddOrder/Peterfalvi/S15_CaseACoherence.lean:804:16: `if_neg` has been deprecated: Use `ite_eq_right` instead
warning: OddOrder/Peterfalvi/S15_CaseACoherence.lean:804:45: `if_pos` has been deprecated: Use `ite_eq_left` instead
warning: OddOrder/Peterfalvi/S15_CaseACoherence.lean:807:47: `if_neg` has been deprecated: Use `ite_eq_right` instead
⚠ [4246/4422] Replayed OddOrder.Peterfalvi.S15_TSetMemberRFamily
warning: OddOrder/Peterfalvi/S15_TSetMemberRFamily.lean:72:8: `if_neg` has been deprecated: Use `ite_eq_right` instead
warning: OddOrder/Peterfalvi/S15_TSetMemberRFamily.lean:75:8: `if_neg` has been deprecated: Use `ite_eq_right` instead
warning: OddOrder/Peterfalvi/S15_TSetMemberRFamily.lean:83:27: `if_pos` has been deprecated: Use `ite_eq_left` instead
warning: OddOrder/Peterfalvi/S15_TSetMemberRFamily.lean:85:8: `if_neg` has been deprecated: Use `ite_eq_right` instead
warning: OddOrder/Peterfalvi/S15_TSetMemberRFamily.lean:103:14: `if_pos` has been deprecated: Use `ite_eq_left` instead
warning: OddOrder/Peterfalvi/S15_TSetMemberRFamily.lean:103:26: `if_pos` has been deprecated: Use `ite_eq_left` instead
warning: OddOrder/Peterfalvi/S15_TSetMemberRFamily.lean:104:14: `if_neg` has been deprecated: Use `ite_eq_right` instead
warning: OddOrder/Peterfalvi/S15_TSetMemberRFamily.lean:104:26: `if_neg` has been deprecated: Use `ite_eq_right` instead
warning: OddOrder/Peterfalvi/S15_TSetMemberRFamily.lean:267:6: `dif_pos` has been deprecated: Use `dite_eq_left` instead
warning: OddOrder/Peterfalvi/S15_TSetMemberRFamily.lean:300:48: `dif_neg` has been deprecated: Use `dite_eq_right` instead
warning: OddOrder/Peterfalvi/S15_TSetMemberRFamily.lean:382:9: `if_pos` has been deprecated: Use `ite_eq_left` instead
warning: OddOrder/Peterfalvi/S15_TSetMemberRFamily.lean:385:9: `if_pos` has been deprecated: Use `ite_eq_left` instead
warning: OddOrder/Peterfalvi/S15_TSetMemberRFamily.lean:388:9: `if_neg` has been deprecated: Use `ite_eq_right` instead
warning: OddOrder/Peterfalvi/S15_TSetMemberRFamily.lean:391:9: `if_neg` has been deprecated: Use `ite_eq_right` instead
warning: OddOrder/Peterfalvi/S15_TSetMemberRFamily.lean:579:65: `if_neg` has been deprecated: Use `ite_eq_right` instead
warning: OddOrder/Peterfalvi/S15_TSetMemberRFamily.lean:582:8: `if_neg` has been deprecated: Use `ite_eq_right` instead
warning: OddOrder/Peterfalvi/S15_TSetMemberRFamily.lean:585:8: `if_neg` has been deprecated: Use `ite_eq_right` instead
warning: OddOrder/Peterfalvi/S15_TSetMemberRFamily.lean:587:63: `if_neg` has been deprecated: Use `ite_eq_right` instead
⚠ [4247/4422] Replayed OddOrder.Peterfalvi.S15_NineElevenPairBoundT
warning: OddOrder/Peterfalvi/S15_NineElevenPairBoundT.lean:455:21: `if_pos` has been deprecated: Use `ite_eq_left` instead
warning: OddOrder/Peterfalvi/S15_NineElevenPairBoundT.lean:457:10: `if_neg` has been deprecated: Use `ite_eq_right` instead
⚠ [4249/4422] Replayed OddOrder.Peterfalvi.S15_NineElevenSevenEightT
warning: OddOrder/Peterfalvi/S15_NineElevenSevenEightT.lean:238:9: `if_pos` has been deprecated: Use `ite_eq_left` instead
warning: OddOrder/Peterfalvi/S15_NineElevenSevenEightT.lean:576:23: `if_pos` has been deprecated: Use `ite_eq_left` instead
warning: OddOrder/Peterfalvi/S15_NineElevenSevenEightT.lean:577:14: `if_neg` has been deprecated: Use `ite_eq_right` instead
warning: OddOrder/Peterfalvi/S15_NineElevenSevenEightT.lean:586:14: `if_pos` has been deprecated: Use `ite_eq_left` instead
warning: OddOrder/Peterfalvi/S15_NineElevenSevenEightT.lean:588:14: `if_neg` has been deprecated: Use `ite_eq_right` instead
⚠ [4250/4422] Replayed OddOrder.Peterfalvi.S15_CaseACoherenceT
warning: OddOrder/Peterfalvi/S15_CaseACoherenceT.lean:341:11: `if_pos` has been deprecated: Use `ite_eq_left` instead
⚠ [4251/4422] Replayed OddOrder.Peterfalvi.S15_NuRowPin
warning: OddOrder/Peterfalvi/S15_NuRowPin.lean:72:19: `if_pos` has been deprecated: Use `ite_eq_left` instead
warning: OddOrder/Peterfalvi/S15_NuRowPin.lean:80:8: `if_neg` has been deprecated: Use `ite_eq_right` instead
warning: OddOrder/Peterfalvi/S15_NuRowPin.lean:84:40: `if_neg` has been deprecated: Use `ite_eq_right` instead
warning: OddOrder/Peterfalvi/S15_NuRowPin.lean:95:32: `if_pos` has been deprecated: Use `ite_eq_left` instead
warning: OddOrder/Peterfalvi/S15_NuRowPin.lean:258:6: `if_neg` has been deprecated: Use `ite_eq_right` instead
warning: OddOrder/Peterfalvi/S15_NuRowPin.lean:420:19: `if_pos` has been deprecated: Use `ite_eq_left` instead
warning: OddOrder/Peterfalvi/S15_NuRowPin.lean:429:8: `if_neg` has been deprecated: Use `ite_eq_right` instead
warning: OddOrder/Peterfalvi/S15_NuRowPin.lean:433:64: `if_neg` has been deprecated: Use `ite_eq_right` instead
warning: OddOrder/Peterfalvi/S15_NuRowPin.lean:440:28: `if_pos` has been deprecated: Use `ite_eq_left` instead
warning: OddOrder/Peterfalvi/S15_NuRowPin.lean:515:8: `if_neg` has been deprecated: Use `ite_eq_right` instead
warning: OddOrder/Peterfalvi/S15_NuRowPin.lean:515:57: `if_pos` has been deprecated: Use `ite_eq_left` instead
warning: OddOrder/Peterfalvi/S15_NuRowPin.lean:520:8: `if_neg` has been deprecated: Use `ite_eq_right` instead
warning: OddOrder/Peterfalvi/S15_NuRowPin.lean:520:47: `if_pos` has been deprecated: Use `ite_eq_left` instead
warning: OddOrder/Peterfalvi/S15_NuRowPin.lean:546:27: `if_pos` has been deprecated: Use `ite_eq_left` instead
warning: OddOrder/Peterfalvi/S15_NuRowPin.lean:546:46: `if_pos` has been deprecated: Use `ite_eq_left` instead
warning: OddOrder/Peterfalvi/S15_NuRowPin.lean:547:16: `if_neg` has been deprecated: Use `ite_eq_right` instead
warning: OddOrder/Peterfalvi/S15_NuRowPin.lean:547:43: `if_neg` has been deprecated: Use `ite_eq_right` instead
warning: OddOrder/Peterfalvi/S15_NuRowPin.lean:549:43: `if_pos` has been deprecated: Use `ite_eq_left` instead
warning: OddOrder/Peterfalvi/S15_NuRowPin.lean:550:16: `if_neg` has been deprecated: Use `ite_eq_right` instead
warning: OddOrder/Peterfalvi/S15_NuRowPin.lean:552:57: `if_neg` has been deprecated: Use `ite_eq_right` instead
warning: OddOrder/Peterfalvi/S15_NuRowPin.lean:553:12: `if_neg` has been deprecated: Use `ite_eq_right` instead
warning: OddOrder/Peterfalvi/S15_NuRowPin.lean:555:61: `if_neg` has been deprecated: Use `ite_eq_right` instead
warning: OddOrder/Peterfalvi/S15_NuRowPin.lean:556:38: `if_pos` has been deprecated: Use `ite_eq_left` instead
warning: OddOrder/Peterfalvi/S15_NuRowPin.lean:568:27: `if_neg` has been deprecated: Use `ite_eq_right` instead
warning: OddOrder/Peterfalvi/S15_NuRowPin.lean:568:59: `if_neg` has been deprecated: Use `ite_eq_right` instead
warning: OddOrder/Peterfalvi/S15_NuRowPin.lean:570:29: `if_neg` has been deprecated: Use `ite_eq_right` instead
warning: OddOrder/Peterfalvi/S15_NuRowPin.lean:571:56: `if_pos` has been deprecated: Use `ite_eq_left` instead
warning: OddOrder/Peterfalvi/S15_NuRowPin.lean:575:27: `if_pos` has been deprecated: Use `ite_eq_left` instead
warning: OddOrder/Peterfalvi/S15_NuRowPin.lean:575:46: `if_pos` has been deprecated: Use `ite_eq_left` instead
warning: OddOrder/Peterfalvi/S15_NuRowPin.lean:576:16: `if_neg` has been deprecated: Use `ite_eq_right` instead
warning: OddOrder/Peterfalvi/S15_NuRowPin.lean:576:53: `if_neg` has been deprecated: Use `ite_eq_right` instead
warning: OddOrder/Peterfalvi/S15_NuRowPin.lean:578:61: `if_neg` has been deprecated: Use `ite_eq_right` instead
warning: OddOrder/Peterfalvi/S15_NuRowPin.lean:579:68: `if_pos` has been deprecated: Use `ite_eq_left` instead
warning: OddOrder/Peterfalvi/S15_NuRowPin.lean:588:23: `if_neg` has been deprecated: Use `ite_eq_right` instead
warning: OddOrder/Peterfalvi/S15_NuRowPin.lean:589:53: `if_neg` has been deprecated: Use `ite_eq_right` instead
warning: OddOrder/Peterfalvi/S15_NuRowPin.lean:612:25: `if_pos` has been deprecated: Use `ite_eq_left` instead
warning: OddOrder/Peterfalvi/S15_NuRowPin.lean:612:33: `if_false` has been deprecated: Use `ite_false` instead
warning: OddOrder/Peterfalvi/S15_NuRowPin.lean:612:25: `if_pos` has been deprecated: Use `ite_eq_left` instead
warning: OddOrder/Peterfalvi/S15_NuRowPin.lean:612:33: `if_false` has been deprecated: Use `ite_false` instead
warning: OddOrder/Peterfalvi/S15_NuRowPin.lean:612:25: `if_pos` has been deprecated: Use `ite_eq_left` instead
warning: OddOrder/Peterfalvi/S15_NuRowPin.lean:612:33: `if_false` has been deprecated: Use `ite_false` instead
warning: OddOrder/Peterfalvi/S15_NuRowPin.lean:612:25: `if_pos` has been deprecated: Use `ite_eq_left` instead
warning: OddOrder/Peterfalvi/S15_NuRowPin.lean:612:33: `if_false` has been deprecated: Use `ite_false` instead
warning: OddOrder/Peterfalvi/S15_NuRowPin.lean:623:25: `if_pos` has been deprecated: Use `ite_eq_left` instead
warning: OddOrder/Peterfalvi/S15_NuRowPin.lean:623:33: `if_false` has been deprecated: Use `ite_false` instead
warning: OddOrder/Peterfalvi/S15_NuRowPin.lean:623:25: `if_pos` has been deprecated: Use `ite_eq_left` instead
warning: OddOrder/Peterfalvi/S15_NuRowPin.lean:623:33: `if_false` has been deprecated: Use `ite_false` instead
warning: OddOrder/Peterfalvi/S15_NuRowPin.lean:623:25: `if_pos` has been deprecated: Use `ite_eq_left` instead
warning: OddOrder/Peterfalvi/S15_NuRowPin.lean:623:33: `if_false` has been deprecated: Use `ite_false` instead
warning: OddOrder/Peterfalvi/S15_NuRowPin.lean:623:25: `if_pos` has been deprecated: Use `ite_eq_left` instead
warning: OddOrder/Peterfalvi/S15_NuRowPin.lean:623:33: `if_false` has been deprecated: Use `ite_false` instead
warning: OddOrder/Peterfalvi/S15_NuRowPin.lean:630:56: `if_pos` has been deprecated: Use `ite_eq_left` instead
warning: OddOrder/Peterfalvi/S15_NuRowPin.lean:636:35: `if_pos` has been deprecated: Use `ite_eq_left` instead
warning: OddOrder/Peterfalvi/S15_NuRowPin.lean:637:6: `if_neg` has been deprecated: Use `ite_eq_right` instead
warning: OddOrder/Peterfalvi/S15_NuRowPin.lean:644:35: `if_pos` has been deprecated: Use `ite_eq_left` instead
warning: OddOrder/Peterfalvi/S15_NuRowPin.lean:645:6: `if_neg` has been deprecated: Use `ite_eq_right` instead
warning: OddOrder/Peterfalvi/S15_NuRowPin.lean:679:55: `if_neg` has been deprecated: Use `ite_eq_right` instead
warning: OddOrder/Peterfalvi/S15_NuRowPin.lean:680:22: `if_pos` has been deprecated: Use `ite_eq_left` instead
warning: OddOrder/Peterfalvi/S15_NuRowPin.lean:691:8: `if_neg` has been deprecated: Use `ite_eq_right` instead
warning: OddOrder/Peterfalvi/S15_NuRowPin.lean:691:38: `if_neg` has been deprecated: Use `ite_eq_right` instead
warning: OddOrder/Peterfalvi/S15_NuRowPin.lean:858:21: `if_pos` has been deprecated: Use `ite_eq_left` instead
warning: OddOrder/Peterfalvi/S15_NuRowPin.lean:858:33: `if_pos` has been deprecated: Use `ite_eq_left` instead
warning: OddOrder/Peterfalvi/S15_NuRowPin.lean:859:10: `if_neg` has been deprecated: Use `ite_eq_right` instead
warning: OddOrder/Peterfalvi/S15_NuRowPin.lean:859:48: `if_neg` has been deprecated: Use `ite_eq_right` instead
warning: OddOrder/Peterfalvi/S15_NuRowPin.lean:861:31: `if_neg` has been deprecated: Use `ite_eq_right` instead
warning: OddOrder/Peterfalvi/S15_NuRowPin.lean:863:25: `if_pos` has been deprecated: Use `ite_eq_left` instead
warning: OddOrder/Peterfalvi/S15_NuRowPin.lean:931:29: `if_pos` has been deprecated: Use `ite_eq_left` instead
warning: OddOrder/Peterfalvi/S15_NuRowPin.lean:931:41: `if_pos` has been deprecated: Use `ite_eq_left` instead
warning: OddOrder/Peterfalvi/S15_NuRowPin.lean:932:18: `if_neg` has been deprecated: Use `ite_eq_right` instead
warning: OddOrder/Peterfalvi/S15_NuRowPin.lean:932:56: `if_neg` has been deprecated: Use `ite_eq_right` instead
warning: OddOrder/Peterfalvi/S15_NuRowPin.lean:1022:10: `if_neg` has been deprecated: Use `ite_eq_right` instead
warning: OddOrder/Peterfalvi/S15_NuRowPin.lean:1023:8: `if_pos` has been deprecated: Use `ite_eq_left` instead
warning: OddOrder/Peterfalvi/S15_NuRowPin.lean:1039:38: `if_pos` has been deprecated: Use `ite_eq_left` instead
warning: OddOrder/Peterfalvi/S15_NuRowPin.lean:1041:8: `if_neg` has been deprecated: Use `ite_eq_right` instead
warning: OddOrder/Peterfalvi/S15_NuRowPin.lean:1116:44: `if_neg` has been deprecated: Use `ite_eq_right` instead
warning: OddOrder/Peterfalvi/S15_NuRowPin.lean:1117:66: `if_pos` has been deprecated: Use `ite_eq_left` instead
warning: OddOrder/Peterfalvi/S15_NuRowPin.lean:1118:45: `if_neg` has been deprecated: Use `ite_eq_right` instead
warning: OddOrder/Peterfalvi/S15_NuRowPin.lean:1123:54: `if_neg` has been deprecated: Use `ite_eq_right` instead
warning: OddOrder/Peterfalvi/S15_NuRowPin.lean:1135:16: `if_neg` has been deprecated: Use `ite_eq_right` instead
warning: OddOrder/Peterfalvi/S15_NuRowPin.lean:1135:45: `if_pos` has been deprecated: Use `ite_eq_left` instead
warning: OddOrder/Peterfalvi/S15_NuRowPin.lean:1138:47: `if_neg` has been deprecated: Use `ite_eq_right` instead
⚠ [4252/4422] Replayed OddOrder.Peterfalvi.S15_Tau1T
warning: OddOrder/Peterfalvi/S15_Tau1T.lean:549:45: `if_pos` has been deprecated: Use `ite_eq_left` instead
warning: OddOrder/Peterfalvi/S15_Tau1T.lean:566:43: `if_pos` has been deprecated: Use `ite_eq_left` instead
warning: OddOrder/Peterfalvi/S15_Tau1T.lean:743:6: `if_pos` has been deprecated: Use `ite_eq_left` instead
warning: OddOrder/Peterfalvi/S15_Tau1T.lean:758:4: `if_pos` has been deprecated: Use `ite_eq_left` instead
warning: OddOrder/Peterfalvi/S15_Tau1T.lean:759:4: `if_neg` has been deprecated: Use `ite_eq_right` instead
warning: OddOrder/Peterfalvi/S15_Tau1T.lean:765:8: `if_pos` has been deprecated: Use `ite_eq_left` instead
warning: OddOrder/Peterfalvi/S15_Tau1T.lean:767:11: `if_pos` has been deprecated: Use `ite_eq_left` instead
warning: OddOrder/Peterfalvi/S15_Tau1T.lean:767:37: `if_neg` has been deprecated: Use `ite_eq_right` instead
warning: OddOrder/Peterfalvi/S15_Tau1T.lean:771:8: `if_neg` has been deprecated: Use `ite_eq_right` instead
warning: OddOrder/Peterfalvi/S15_Tau1T.lean:773:10: `if_pos` has been deprecated: Use `ite_eq_left` instead
warning: OddOrder/Peterfalvi/S15_Tau1T.lean:783:10: `if_neg` has been deprecated: Use `ite_eq_right` instead
warning: OddOrder/Peterfalvi/S15_Tau1T.lean:786:10: `if_neg` has been deprecated: Use `ite_eq_right` instead
warning: OddOrder/Peterfalvi/S15_Tau1T.lean:821:6: `if_pos` has been deprecated: Use `ite_eq_left` instead
warning: OddOrder/Peterfalvi/S15_Tau1T.lean:828:6: `if_pos` has been deprecated: Use `ite_eq_left` instead
warning: OddOrder/Peterfalvi/S15_Tau1T.lean:851:6: `if_pos` has been deprecated: Use `ite_eq_left` instead
warning: OddOrder/Peterfalvi/S15_Tau1T.lean:851:18: `if_neg` has been deprecated: Use `ite_eq_right` instead
warning: OddOrder/Peterfalvi/S15_Tau1T.lean:851:31: `if_neg` has been deprecated: Use `ite_eq_right` instead
warning: OddOrder/Peterfalvi/S15_Tau1T.lean:851:44: `if_pos` has been deprecated: Use `ite_eq_left` instead
warning: OddOrder/Peterfalvi/S15_Tau1T.lean:858:6: `if_neg` has been deprecated: Use `ite_eq_right` instead
⚠ [4253/4422] Replayed OddOrder.Peterfalvi.S15_CharacterDegreeEnginesSSide
warning: OddOrder/Peterfalvi/S15_CharacterDegreeEnginesSSide.lean:378:62: `if_neg` has been deprecated: Use `ite_eq_right` instead
warning: OddOrder/Peterfalvi/S15_CharacterDegreeEnginesSSide.lean:396:65: `if_neg` has been deprecated: Use `ite_eq_right` instead
⚠ [4255/4422] Replayed OddOrder.Peterfalvi.S15_CharacterDegreeEngines
warning: OddOrder/Peterfalvi/S15_CharacterDegreeEngines.lean:162:10: `if_pos` has been deprecated: Use `ite_eq_left` instead
warning: OddOrder/Peterfalvi/S15_CharacterDegreeEngines.lean:166:14: `if_neg` has been deprecated: Use `ite_eq_right` instead
warning: OddOrder/Peterfalvi/S15_CharacterDegreeEngines.lean:168:8: `if_pos` has been deprecated: Use `ite_eq_left` instead
warning: OddOrder/Peterfalvi/S15_CharacterDegreeEngines.lean:169:10: `if_neg` has been deprecated: Use `ite_eq_right` instead
warning: OddOrder/Peterfalvi/S15_CharacterDegreeEngines.lean:172:8: `if_neg` has been deprecated: Use `ite_eq_right` instead
warning: OddOrder/Peterfalvi/S15_CharacterDegreeEngines.lean:191:57: `if_pos` has been deprecated: Use `ite_eq_left` instead
warning: OddOrder/Peterfalvi/S15_CharacterDegreeEngines.lean:194:35: `if_neg` has been deprecated: Use `ite_eq_right` instead
warning: OddOrder/Peterfalvi/S15_CharacterDegreeEngines.lean:205:49: `if_pos` has been deprecated: Use `ite_eq_left` instead
warning: OddOrder/Peterfalvi/S15_CharacterDegreeEngines.lean:216:49: `if_neg` has been deprecated: Use `ite_eq_right` instead
warning: OddOrder/Peterfalvi/S15_CharacterDegreeEngines.lean:483:53: `if_pos` has been deprecated: Use `ite_eq_left` instead
warning: OddOrder/Peterfalvi/S15_CharacterDegreeEngines.lean:498:60: `if_pos` has been deprecated: Use `ite_eq_left` instead
warning: OddOrder/Peterfalvi/S15_CharacterDegreeEngines.lean:621:38: `if_pos` has been deprecated: Use `ite_eq_left` instead
⚠ [4257/4422] Replayed OddOrder.Peterfalvi.S15_CaseBEndgameSupply.Eta10HCorrection
warning: OddOrder/Peterfalvi/S15_CaseBEndgameSupply/Eta10HCorrection.lean:181:8: `dif_pos` has been deprecated: Use `dite_eq_left` instead
warning: OddOrder/Peterfalvi/S15_CaseBEndgameSupply/Eta10HCorrection.lean:187:8: `dif_pos` has been deprecated: Use `dite_eq_left` instead
⚠ [4258/4422] Replayed OddOrder.Peterfalvi.S15_CaseBEndgameSupply.Eta10Correction
warning: OddOrder/Peterfalvi/S15_CaseBEndgameSupply/Eta10Correction.lean:79:6: `if_neg` has been deprecated: Use `ite_eq_right` instead
⚠ [4262/4422] Replayed OddOrder.Peterfalvi.S15_CharacterDegreeSupply
warning: OddOrder/Peterfalvi/S15_CharacterDegreeSupply.lean:890:37: `if_neg` has been deprecated: Use `ite_eq_right` instead
warning: OddOrder/Peterfalvi/S15_CharacterDegreeSupply.lean:980:8: `if_neg` has been deprecated: Use `ite_eq_right` instead
⚠ [4264/4422] Replayed OddOrder.Peterfalvi.S16_NonExistenceG.TGapCross
warning: OddOrder/Peterfalvi/S16_NonExistenceG/TGapCross.lean:667:31: `if_neg` has been deprecated: Use `ite_eq_right` instead
warning: OddOrder/Peterfalvi/S16_NonExistenceG/TGapCross.lean:670:27: `if_pos` has been deprecated: Use `ite_eq_left` instead
warning: OddOrder/Peterfalvi/S16_NonExistenceG/TGapCross.lean:672:17: `if_neg` has been deprecated: Use `ite_eq_right` instead
warning: OddOrder/Peterfalvi/S16_NonExistenceG/TGapCross.lean:675:27: `if_neg` has been deprecated: Use `ite_eq_right` instead
⚠ [4265/4422] Replayed OddOrder.Peterfalvi.S16_NonExistenceG.CoherentProjectionRigidity
warning: OddOrder/Peterfalvi/S16_NonExistenceG/CoherentProjectionRigidity.lean:69:10: `if_pos` has been deprecated: Use `ite_eq_left` instead
warning: OddOrder/Peterfalvi/S16_NonExistenceG/CoherentProjectionRigidity.lean:71:10: `if_neg` has been deprecated: Use `ite_eq_right` instead
warning: OddOrder/Peterfalvi/S16_NonExistenceG/CoherentProjectionRigidity.lean:75:8: `if_neg` has been deprecated: Use `ite_eq_right` instead
warning: OddOrder/Peterfalvi/S16_NonExistenceG/CoherentProjectionRigidity.lean:331:10: `if_pos` has been deprecated: Use `ite_eq_left` instead
warning: OddOrder/Peterfalvi/S16_NonExistenceG/CoherentProjectionRigidity.lean:333:10: `if_neg` has been deprecated: Use `ite_eq_right` instead
warning: OddOrder/Peterfalvi/S16_NonExistenceG/CoherentProjectionRigidity.lean:337:8: `if_neg` has been deprecated: Use `ite_eq_right` instead
⚠ [4267/4422] Replayed OddOrder.Peterfalvi.S16_NonExistenceG.TGapProjectionRigidity
warning: OddOrder/Peterfalvi/S16_NonExistenceG/TGapProjectionRigidity.lean:421:10: `if_pos` has been deprecated: Use `ite_eq_left` instead
warning: OddOrder/Peterfalvi/S16_NonExistenceG/TGapProjectionRigidity.lean:428:10: `if_neg` has been deprecated: Use `ite_eq_right` instead
warning: OddOrder/Peterfalvi/S16_NonExistenceG/TGapProjectionRigidity.lean:439:10: `if_pos` has been deprecated: Use `ite_eq_left` instead
warning: OddOrder/Peterfalvi/S16_NonExistenceG/TGapProjectionRigidity.lean:446:10: `if_neg` has been deprecated: Use `ite_eq_right` instead
warning: OddOrder/Peterfalvi/S16_NonExistenceG/TGapProjectionRigidity.lean:500:56: `if_neg` has been deprecated: Use `ite_eq_right` instead
warning: OddOrder/Peterfalvi/S16_NonExistenceG/TGapProjectionRigidity.lean:504:56: `if_neg` has been deprecated: Use `ite_eq_right` instead
warning: OddOrder/Peterfalvi/S16_NonExistenceG/TGapProjectionRigidity.lean:506:54: `if_pos` has been deprecated: Use `ite_eq_left` instead
warning: OddOrder/Peterfalvi/S16_NonExistenceG/TGapProjectionRigidity.lean:535:16: `if_neg` has been deprecated: Use `ite_eq_right` instead
warning: OddOrder/Peterfalvi/S16_NonExistenceG/TGapProjectionRigidity.lean:538:12: `if_pos` has been deprecated: Use `ite_eq_left` instead
warning: OddOrder/Peterfalvi/S16_NonExistenceG/TGapProjectionRigidity.lean:580:31: `if_neg` has been deprecated: Use `ite_eq_right` instead
warning: OddOrder/Peterfalvi/S16_NonExistenceG/TGapProjectionRigidity.lean:583:27: `if_pos` has been deprecated: Use `ite_eq_left` instead
warning: OddOrder/Peterfalvi/S16_NonExistenceG/TGapProjectionRigidity.lean:585:17: `if_neg` has been deprecated: Use `ite_eq_right` instead
warning: OddOrder/Peterfalvi/S16_NonExistenceG/TGapProjectionRigidity.lean:588:27: `if_neg` has been deprecated: Use `ite_eq_right` instead
⚠ [4269/4422] Replayed OddOrder.Peterfalvi.S16_NonExistenceG.TTypeIICoherence
warning: OddOrder/Peterfalvi/S16_NonExistenceG/TTypeIICoherence.lean:120:43: `if_neg` has been deprecated: Use `ite_eq_right` instead
warning: OddOrder/Peterfalvi/S16_NonExistenceG/TTypeIICoherence.lean:126:48: `if_pos` has been deprecated: Use `ite_eq_left` instead
warning: OddOrder/Peterfalvi/S16_NonExistenceG/TTypeIICoherence.lean:154:41: `if_neg` has been deprecated: Use `ite_eq_right` instead
warning: OddOrder/Peterfalvi/S16_NonExistenceG/TTypeIICoherence.lean:653:6: `if_neg` has been deprecated: Use `ite_eq_right` instead
⚠ [4273/4422] Replayed OddOrder.Peterfalvi.S16_NonExistenceG.TGapNonorthogonality
warning: OddOrder/Peterfalvi/S16_NonExistenceG/TGapNonorthogonality.lean:155:34: `if_pos` has been deprecated: Use `ite_eq_left` instead
warning: OddOrder/Peterfalvi/S16_NonExistenceG/TGapNonorthogonality.lean:157:35: `if_neg` has been deprecated: Use `ite_eq_right` instead
warning: OddOrder/Peterfalvi/S16_NonExistenceG/TGapNonorthogonality.lean:164:30: `if_pos` has been deprecated: Use `ite_eq_left` instead
warning: OddOrder/Peterfalvi/S16_NonExistenceG/TGapNonorthogonality.lean:166:31: `if_neg` has been deprecated: Use `ite_eq_right` instead
warning: OddOrder/Peterfalvi/S16_NonExistenceG/TGapNonorthogonality.lean:311:38: `if_neg` has been deprecated: Use `ite_eq_right` instead
warning: OddOrder/Peterfalvi/S16_NonExistenceG/TGapNonorthogonality.lean:498:30: `if_neg` has been deprecated: Use `ite_eq_right` instead
warning: OddOrder/Peterfalvi/S16_NonExistenceG/TGapNonorthogonality.lean:508:23: `if_pos` has been deprecated: Use `ite_eq_left` instead
warning: OddOrder/Peterfalvi/S16_NonExistenceG/TGapNonorthogonality.lean:827:48: `if_neg` has been deprecated: Use `ite_eq_right` instead
warning: OddOrder/Peterfalvi/S16_NonExistenceG/TGapNonorthogonality.lean:953:8: `if_neg` has been deprecated: Use `ite_eq_right` instead
warning: OddOrder/Peterfalvi/S16_NonExistenceG/TGapNonorthogonality.lean:954:8: `if_pos` has been deprecated: Use `ite_eq_left` instead
⚠ [4274/4422] Replayed OddOrder.Peterfalvi.S16_NonExistenceG.TGapGridAlignment
warning: OddOrder/Peterfalvi/S16_NonExistenceG/TGapGridAlignment.lean:928:8: `if_neg` has been deprecated: Use `ite_eq_right` instead
warning: OddOrder/Peterfalvi/S16_NonExistenceG/TGapGridAlignment.lean:928:23: `if_neg` has been deprecated: Use `ite_eq_right` instead
warning: OddOrder/Peterfalvi/S16_NonExistenceG/TGapGridAlignment.lean:1040:48: `if_neg` has been deprecated: Use `ite_eq_right` instead
warning: OddOrder/Peterfalvi/S16_NonExistenceG/TGapGridAlignment.lean:1175:48: `if_neg` has been deprecated: Use `ite_eq_right` instead
⚠ [4275/4422] Replayed OddOrder.Peterfalvi.S16_NonExistenceG.TTypeII
warning: OddOrder/Peterfalvi/S16_NonExistenceG/TTypeII.lean:128:62: `if_neg` has been deprecated: Use `ite_eq_right` instead
warning: OddOrder/Peterfalvi/S16_NonExistenceG/TTypeII.lean:130:54: `if_pos` has been deprecated: Use `ite_eq_left` instead
warning: OddOrder/Peterfalvi/S16_NonExistenceG/TTypeII.lean:285:20: `dif_pos` has been deprecated: Use `dite_eq_left` instead
warning: OddOrder/Peterfalvi/S16_NonExistenceG/TTypeII.lean:412:24: `if_pos` has been deprecated: Use `ite_eq_left` instead
warning: OddOrder/Peterfalvi/S16_NonExistenceG/TTypeII.lean:413:12: `if_neg` has been deprecated: Use `ite_eq_right` instead
warning: OddOrder/Peterfalvi/S16_NonExistenceG/TTypeII.lean:417:10: `if_pos` has been deprecated: Use `ite_eq_left` instead
warning: OddOrder/Peterfalvi/S16_NonExistenceG/TTypeII.lean:417:23: `if_pos` has been deprecated: Use `ite_eq_left` instead
warning: OddOrder/Peterfalvi/S16_NonExistenceG/TTypeII.lean:418:10: `if_neg` has been deprecated: Use `ite_eq_right` instead
warning: OddOrder/Peterfalvi/S16_NonExistenceG/TTypeII.lean:418:23: `if_neg` has been deprecated: Use `ite_eq_right` instead
warning: OddOrder/Peterfalvi/S16_NonExistenceG/TTypeII.lean:424:16: `if_neg` has been deprecated: Use `ite_eq_right` instead
warning: OddOrder/Peterfalvi/S16_NonExistenceG/TTypeII.lean:735:20: `if_neg` has been deprecated: Use `ite_eq_right` instead
⚠ [4283/4422] Replayed OddOrder.Peterfalvi.S16_NonExistenceG.ComparingLMBasic
warning: OddOrder/Peterfalvi/S16_NonExistenceG/ComparingLMBasic.lean:237:10: `if_pos` has been deprecated: Use `ite_eq_left` instead
warning: OddOrder/Peterfalvi/S16_NonExistenceG/ComparingLMBasic.lean:239:10: `if_neg` has been deprecated: Use `ite_eq_right` instead
warning: OddOrder/Peterfalvi/S16_NonExistenceG/ComparingLMBasic.lean:243:8: `if_neg` has been deprecated: Use `ite_eq_right` instead
⚠ [4289/4422] Replayed OddOrder.FeitThompsonNuGrid
warning: OddOrder/FeitThompsonNuGrid.lean:204:8: `if_pos` has been deprecated: Use `ite_eq_left` instead
warning: OddOrder/FeitThompsonNuGrid.lean:204:20: `if_pos` has been deprecated: Use `ite_eq_left` instead
warning: OddOrder/FeitThompsonNuGrid.lean:215:8: `if_neg` has been deprecated: Use `ite_eq_right` instead
warning: OddOrder/FeitThompsonNuGrid.lean:215:20: `if_neg` has been deprecated: Use `ite_eq_right` instead
warning: OddOrder/FeitThompsonNuGrid.lean:230:6: `if_neg` has been deprecated: Use `ite_eq_right` instead
warning: OddOrder/FeitThompsonNuGrid.lean:230:20: `if_pos` has been deprecated: Use `ite_eq_left` instead
warning: OddOrder/FeitThompsonNuGrid.lean:334:10: `if_pos` has been deprecated: Use `ite_eq_left` instead
warning: OddOrder/FeitThompsonNuGrid.lean:334:22: `if_pos` has been deprecated: Use `ite_eq_left` instead
warning: OddOrder/FeitThompsonNuGrid.lean:335:10: `if_neg` has been deprecated: Use `ite_eq_right` instead
warning: OddOrder/FeitThompsonNuGrid.lean:337:8: `if_neg` has been deprecated: Use `ite_eq_right` instead
warning: OddOrder/FeitThompsonNuGrid.lean:338:8: `if_neg` has been deprecated: Use `ite_eq_right` instead
warning: OddOrder/FeitThompsonNuGrid.lean:340:6: `if_neg` has been deprecated: Use `ite_eq_right` instead
⚠ [4291/4422] Replayed OddOrder.FeitThompsonCharacterData
warning: OddOrder/FeitThompsonCharacterData.lean:170:10: `if_pos` has been deprecated: Use `ite_eq_left` instead
warning: OddOrder/FeitThompsonCharacterData.lean:170:22: `if_pos` has been deprecated: Use `ite_eq_left` instead
warning: OddOrder/FeitThompsonCharacterData.lean:171:10: `if_neg` has been deprecated: Use `ite_eq_right` instead
warning: OddOrder/FeitThompsonCharacterData.lean:173:8: `if_neg` has been deprecated: Use `ite_eq_right` instead
warning: OddOrder/FeitThompsonCharacterData.lean:174:8: `if_neg` has been deprecated: Use `ite_eq_right` instead
warning: OddOrder/FeitThompsonCharacterData.lean:176:6: `if_neg` has been deprecated: Use `ite_eq_right` instead
warning: OddOrder/FeitThompsonCharacterData.lean:566:6: `if_neg` has been deprecated: Use `ite_eq_right` instead
warning: OddOrder/FeitThompsonCharacterData.lean:566:20: `if_pos` has been deprecated: Use `ite_eq_left` instead
warning: OddOrder/FeitThompsonCharacterData.lean:1012:8: `if_neg` has been deprecated: Use `ite_eq_right` instead
warning: OddOrder/FeitThompsonCharacterData.lean:1012:22: `if_pos` has been deprecated: Use `ite_eq_left` instead
✔ [4421/4422] Built OddOrderSolution (4.8s)
Build completed successfully (4422 jobs).
Exporting #[Quot, Quot.mk, Quot.lift, Quot.ind, PaperVerification.oddOrderCore, PaperVerification.oddOrderMinimal, PaperVerification.oddOrderNilpotent, PaperVerification.oddOrderMixedNilpotent, propext, Classical.choice, Quot.sound, Nat.add, Nat.sub, Nat.mul, Nat.pow, Nat.gcd, Nat.div, Nat.mod, Nat.beq, Nat.ble, Nat.land, Nat.lor, Nat.xor, Nat.shiftLeft, Nat.shiftRight, String.ofList, Char.ofNat, List, eagerReduce, Nat, String, String.mk, Char, optParam, autoParam, semiOutParam, outParam] from OddOrderSolution
Running Lean default kernel on solution.
Lean default kernel accepts the solution
Your solution is okay!
